dayofyear,weeknumber,daterecorded,maxtempf,mintempf,precipitationinch,watertempf,stlhead_predict,chinook_predict,coho_predict,chad_predict,sock_predict
1,1,1-Jan,43.76666667,32.20689655,0.402258065,40.89714286,-321.2665132,-819.4840183,-458.9637805,-581303.4596,-15776.91711
2,1,2-Jan,42.90322581,33.9375,0.453125,40.93571429,-90.747953,-395.4672487,-564.2545517,-585601.5791,-15846.16909
3,1,3-Jan,43.40625,34.375,0.398125,40.71714286,-110.8831474,-132.7602863,-446.5916108,-593339.5141,-15936.66218
4,1,4-Jan,42.125,34.06451613,0.3515625,40.56285714,-8.569446272,-139.5358442,-449.1624975,-550391.6485,-16151.02211
5,2,5-Jan,42.5,33.4516129,0.3934375,40.48571429,-10.39548375,-348.4985746,-378.8961052,-561477.2149,-16062.92227
6,2,6-Jan,42.5625,32.90322581,0.328125,40.50153846,-58.3589687,-430.3864846,-355.8470789,-539050.5405,-15908.83347
7,2,7-Jan,42.75,34.3125,0.3875,40.46,-0.780934028,-48.32280169,-324.5816198,-557179.9288,-15912.34701
8,2,8-Jan,43.5,35.0625,0.3990625,40.33142857,-61.59063271,183.2957381,-219.090353,-572789.0266,-15882.02951
9,2,9-Jan,43.90625,34.6875,0.400625,40.20285714,-40.3281887,100.5166923,-134.6517852,-577682.2422,-15877.9774
10,2,10-Jan,43.8125,34.96875,0.443125,40.15142857,-21.0414225,172.8468512,-103.1971329,-577182.6648,-15860.02754
11,2,11-Jan,43.65625,34.3125,0.3859375,39.90714286,33.26680117,84.38116322,-5.800359669,-563045.8929,-15987.262
12,3,12-Jan,42.06451613,34.46875,0.3946875,39.83,145.3195476,216.932445,-47.44746199,-527492.7268,-16105.4831
13,3,13-Jan,44.25806452,34.90322581,0.536451613,39.93384615,39.56930106,139.7828934,60.25939883,-579445.0155,-15841.31401
14,3,14-Jan,44.06451613,34.375,0.220645161,39.53428571,-8.553110705,263.1351225,232.8228671,-514337.5536,-15944.99734
15,3,15-Jan,44.34375,34.4375,0.383125,39.35428571,88.76362201,205.0108657,298.5765701,-555632.1354,-16073.48878
16,3,16-Jan,42.15625,34.3125,0.495625,39.00714286,295.9894865,348.033122,331.7748393,-543415.374,-16504.04283
17,3,17-Jan,42.78125,34.03125,0.331875,39.05857143,207.473999,288.9398483,348.7265787,-509003.8058,-16200.34935
18,3,18-Jan,42.96774194,34.40625,0.541612903,39.04571429,274.1866486,293.3381894,393.3839478,-547337.6812,-16285.26986
19,4,19-Jan,43.0625,34.96774194,0.346451613,39.02,123.6402815,574.7132004,400.4951339,-495190.3055,-16036.69013
20,4,20-Jan,43.9375,35.0625,0.380625,39.04571429,105.1986451,507.7470738,446.2459826,-510807.3137,-15880.31886
21,4,21-Jan,43.93548387,35.25,0.298064516,38.90428571,44.44191057,601.7663912,519.590174,-478501.4351,-15847.08488
22,4,22-Jan,44.09375,35.5483871,0.211935484,39.29692308,-75.61141705,608.3044396,418.7183282,-437719.5401,-15379.52463
23,4,23-Jan,44.65625,35.71875,0.32625,38.76285714,-13.80150861,666.0741055,624.3296586,-476508.3075,-15736.82904
24,4,24-Jan,44.875,35.78125,0.2921875,38.54428571,-34.71443426,675.5512022,734.3325216,-459910.0468,-15778.89652
25,4,25-Jan,45.90625,35.625,0.3446875,38.69857143,29.95568648,491.651258,741.0133475,-484099.5284,-15546.45335
26,5,26-Jan,45.25,35.16129032,0.39625,38.77571429,144.6902788,460.5689187,693.217729,-486675.2911,-15460.40047
27,5,27-Jan,44.3125,35.25,0.2309375,38.67285714,58.29119821,623.9547526,723.7840075,-416535.8301,-15313.58601
28,5,28-Jan,45.90625,35.13793103,0.335,38.48,158.8628799,404.9336106,880.6143968,-463808.764,-15396.92397
29,5,29-Jan,46.1875,36.78125,0.528125,38.67285714,-106.9680306,812.8069453,778.3775527,-471533.7337,-15364.40084
30,5,30-Jan,46.5483871,36.03225806,0.453548387,38.68769231,46.65320173,542.8133588,814.6396188,-465840.7176,-15178.35351
31,5,31-Jan,46.23333333,36.32258065,0.326129032,38.95571429,-84.39173874,611.6743243,727.1040615,-425206.0972,-14662.351
32,5,1-Feb,46.1875,36.40625,0.4071875,38.90428571,-49.62952034,671.4946523,738.8665735,-434635.5658,-14700.42413
33,6,2-Feb,46.03225806,35.51612903,0.421875,38.95571429,143.9514017,480.9575372,749.052328,-442445.0545,-14597.01148
34,6,3-Feb,46.65625,35.25806452,0.20625,38.90428571,97.80682127,354.451633,906.2027284,-390501.3152,-14183.16607
35,6,4-Feb,45.93548387,35.62068966,0.26875,38.94285714,64.94417773,524.5461206,805.3739821,-386843.1735,-14169.2615
36,6,5-Feb,46.84375,35.6875,0.3396875,38.78857143,117.8976824,433.1429467,905.1021704,-404764.839,-14267.66727
37,6,6-Feb,46.25806452,35.96666667,0.3353125,38.78857143,58.83067367,582.4061311,869.4759641,-386045.2542,-14158.81678
38,6,7-Feb,47.4375,36.1875,0.4028125,38.87857143,63.58486605,469.9701018,895.0796304,-399024.4923,-14092.04418
39,6,8-Feb,46.8125,35.32258065,0.3409375,38.86571429,206.4755964,375.5947254,931.0362668,-388391.0918,-13875.01617
40,7,9-Feb,46.22580645,35.09677419,0.404375,39.32461538,234.1777257,371.1330694,738.0000755,-396664.8515,-13523.35024
41,7,10-Feb,47.96774194,35.16129032,0.1971875,39.25538462,172.6875562,238.6798149,996.7565328,-352377.5337,-13054.13903
42,7,11-Feb,47.3125,35.5625,0.1990625,39.2,98.47470795,369.5289331,939.8202911,-331092.8431,-13037.93516
43,7,12-Feb,47.53125,36.03125,0.1865625,38.90428571,26.20906143,390.5204549,1049.951657,-306843.0612,-13142.50731
44,7,13-Feb,47.87096774,35.25806452,0.299032258,39.12285714,240.4722847,262.5595565,1006.244386,-351435.1403,-13030.1329
45,7,14-Feb,47.90322581,35.6,0.231935484,39.22571429,149.1876888,321.2091904,994.5015865,-323074.7013,-12722.12837
46,7,15-Feb,48.12903226,35.51612903,0.246451613,39.23857143,186.1641191,288.5044341,1019.376896,-322662.2321,-12620.29854
47,8,16-Feb,48.5,36.3,0.398387097,39.2,118.9382854,382.1798146,953.5550209,-335655.8586,-12888.1155
48,8,17-Feb,48.1,36.4137931,0.29125,39.00615385,50.58672324,424.6560033,1034.941771,-297300.4161,-12685.68753
49,8,18-Feb,49,35.96774194,0.360967742,39.30285714,199.1208953,269.5731563,1014.94107,-321777.5271,-12518.60184
50,8,19-Feb,48.48387097,35.61290323,0.507741935,39.31571429,291.6906572,269.9459968,972.4095715,-337752.2284,-12785.801
51,8,20-Feb,48.67741935,36.03225806,0.30125,39.48285714,152.7030136,334.5321487,973.0738903,-296506.1775,-12021.18622
52,8,21-Feb,48.71875,34.90322581,0.373125,39.76769231,325.9903192,174.2939145,956.3083403,-320650.814,-11849.25764
53,8,22-Feb,49.625,36.53125,0.2440625,39.67571429,63.57092822,279.7173854,1001.024677,-265938.6931,-11558.78561
54,9,23-Feb,49.875,35.875,0.295625,39.76571429,227.0583928,218.222255,1033.161987,-283358.0214,-11485.17004
55,9,24-Feb,49.625,34.875,0.354375,39.75285714,381.3250649,112.3161705,1096.783993,-296210.9844,-11506.02661
56,9,25-Feb,50.34375,34.61290323,0.2378125,39.81714286,413.992263,85.89959693,1270.73798,-273662.6752,-10994.28121
57,9,26-Feb,48.09375,34.96774194,0.2575,39.67571429,316.7908393,292.2258278,1034.252254,-261652.2208,-11051.80787
58,9,27-Feb,47.84375,34.65625,0.2890625,40.98714286,197.3480745,317.4234376,600.4116761,-274837.5779,-10110.08287
59,9,28-Feb,49.64516129,35.3125,0.26625,39.79142857,330.5656856,210.2676621,1133.407664,-249667.8103,-10805.96405
60,9,29-Feb,51.25,38.71428571,0.2625,40.58,-404.5602833,260.3703703,740.5498902,-195811.7073,-10271.41459
61,10,1-Mar,50.13333333,35.5,0.404193548,40.19,325.6262631,212.1119661,984.7332364,-260443.7229,-10745.54725
62,10,2-Mar,50.16129032,34.96774194,0.221290323,40.28,338.9423809,240.6580231,1133.329447,-232324.7216,-9993.6987
63,10,3-Mar,50.26666667,35.5483871,0.316774194,40.34428571,302.8110661,260.729729,1007.299339,-237644.3643,-10161.66832
64,10,4-Mar,51.25806452,36.56666667,0.286129032,40.65285714,161.9518237,295.5493503,928.4448259,-216881.4996,-9831.685816
65,10,5-Mar,50.5483871,35.90322581,0.252903226,40.66571429,226.7007639,334.0306195,957.9648317,-213768.5677,-9576.450767
66,10,6-Mar,51.5483871,36.41935484,0.28516129,40.796,203.394914,301.0362213,950.8489847,-207322.7987,-9526.009637
67,10,7-Mar,52.48387097,36.67741935,0.216451613,40.89714286,197.3559434,252.0281552,1045.392099,-185211.4417,-9194.865952
68,11,8-Mar,53.09677419,36.90322581,0.235483871,41.048,199.8636917,237.4331058,1031.201918,-180384.3453,-9074.898119
69,11,9-Mar,53.09677419,37.3,0.339354839,41.36,125.9514072,306.8781518,829.0643418,-188923.6235,-9094.837692
70,11,10-Mar,54.06451613,37.20689655,0.309677419,41.624,190.8957715,317.4421499,887.5812074,-181136.6843,-8771.047678
71,11,11-Mar,54.77419355,38.5483871,0.193548387,41.768,-65.11511271,130.4757359,846.1643298,-140625.5357,-8308.820103
72,11,12-Mar,54.96774194,37.96666667,0.282258065,42.12235294,88.99917214,340.3524658,776.4471203,-163803.2752,-8224.813552
73,11,13-Mar,54.48387097,38.32258065,0.242903226,42.34470588,-42.2074086,373.0079361,663.8727856,-155317.1103,-7869.332137
74,11,14-Mar,55.74193548,38.90322581,0.315483871,42.40625,-47.15553304,261.4666283,648.6991519,-142868.7656,-8004.177068
75,12,15-Mar,55.12903226,38.53333333,0.400645161,42.78258065,-26.99147361,464.5832234,498.0452896,-157889.2982,-7900.827808
76,12,16-Mar,54.93548387,39.44827586,0.34,43.076,-251.8457796,402.5186636,350.3941421,-146153.3923,-7419.775855
77,12,17-Mar,53.87096774,38.86666667,0.289354839,43.35741935,-202.6781384,562.7018794,292.5776415,-151744.9904,-6995.025886
78,12,18-Mar,53.96774194,38.43333333,0.22483871,43.47935484,-133.6021647,654.3219426,364.9247723,-144034.196,-6671.78805
79,12,19-Mar,55.19354839,38.24137931,0.281290323,43.64193548,-19.89121246,743.1271386,426.8850096,-147405.6203,-6652.268903
80,12,20-Mar,56.25806452,38.67741935,0.189677419,43.79290323,-25.03484456,723.4721003,523.692708,-127644.7585,-6268.260623
81,12,21-Mar,57.61290323,39.19354839,0.235806452,43.94967742,10.05201445,666.5460652,520.0825447,-117599.4898,-6277.484818
82,13,22-Mar,54.29032258,39,0.300322581,44.21677419,-199.1006749,722.9219348,141.5187999,-136399.2129,-6099.304495
83,13,23-Mar,54.35483871,38.96666667,0.32483871,44.38516129,-186.1510352,762.6276907,105.0211995,-136098.0118,-5980.45487
84,13,24-Mar,55.87096774,38.75862069,0.216774194,44.54774194,-90.37098892,933.7044731,303.4272028,-120863.33,-5563.573588
85,13,25-Mar,56.29032258,39.3,0.270322581,44.78,-142.6492651,881.5402432,189.4747771,-118094.5753,-5521.2956
86,13,26-Mar,54.56666667,39.19354839,0.182580645,44.90193548,-242.654727,850.077551,102.8505136,-104403.3599,-5140.005172
87,13,27-Mar,55.87096774,38.93548387,0.321290323,45.08193548,-118.4472347,1016.597747,110.6390881,-118579.1576,-5306.652902
88,13,28-Mar,55.38709677,39.58064516,0.259677419,45.26774194,-241.3269223,885.1760318,10.54807861,-107262.9001,-4971.809506
89,14,29-Mar,57.09677419,39.63333333,0.359677419,45.58709677,-151.1768252,1064.752199,16.96257317,-105225.4547,-5039.885878
90,14,30-Mar,58.87096774,40.43333333,0.306129032,45.76709677,-143.9064521,1014.513238,76.91370895,-86499.26752,-4799.029533
91,14,31-Mar,58.83870968,40.13333333,0.208387097,45.95870968,-100.5144378,1193.727026,164.4956745,-85290.52211,-4341.460264
92,14,1-Apr,57.9375,41.25806452,0.2453125,46.0516129,-385.4666797,738.7723427,-87.44265907,-74529.1263,-4311.298006
93,14,2-Apr,58.3125,40.12903226,0.155625,46.15032258,-149.4266923,1223.783474,146.1475774,-74537.04752,-3951.222444
94,14,3-Apr,57.75,40.48387097,0.175,46.42322581,-249.2503566,1124.288994,-17.82555576,-73288.78179,-3799.052633
95,14,4-Apr,57.71875,39.38709677,0.1509375,46.64967742,-117.6918394,1622.842582,100.6824184,-77585.2776,-3485.114193
96,15,5-Apr,58.15625,40.74193548,0.2384375,46.80064516,-248.6048642,1187.545266,-124.3231751,-71913.58214,-3627.511756
97,15,6-Apr,57.21875,41.46875,0.266875,46.94580645,-422.9459024,848.9335024,-299.20159,-65073.36919,-3533.990569
98,15,7-Apr,59.3125,41.74193548,0.270625,47.17806452,-331.6622381,1029.156133,-225.4463995,-56866.76686,-3426.199283
99,15,8-Apr,59,41.84375,0.3096875,47.40451613,-362.5491832,1027.838755,-318.5015202,-57427.10685,-3327.123632
100,15,9-Apr,59.46875,41.6875,0.26,47.68322581,-293.608955,1239.426654,-278.1210414,-55927.39872,-3028.692605
101,15,10-Apr,58.9375,42.03125,0.245625,47.84580645,-385.7460401,1062.423415,-359.5607852,-51078.69182,-2843.87892
102,15,11-Apr,59.09375,42.25,0.2265625,48.06645161,-407.5607353,1045.800826,-386.2730722,-46079.62302,-2646.273822
103,16,12-Apr,59.53125,41.375,0.159375,48.33935484,-231.2535316,1633.005717,-243.4719446,-48188.97917,-2305.020947
104,16,13-Apr,59.1875,42.12903226,0.23875,48.56580645,-349.5486975,1268.641999,-448.7605646,-46711.29904,-2322.594657
105,16,14-Apr,58.0625,41.5625,0.3528125,48.71096774,-306.307111,1333.462684,-555.1472196,-52969.35097,-2401.40488
106,16,15-Apr,58.25,41.59375,0.21375,48.90258065,-302.4077172,1449.181775,-481.6411083,-43528.27012,-1984.718929
107,16,16-Apr,60.5625,42.48387097,0.186875,49.12322581,-293.3122043,1512.705697,-409.2187235,-33639.75963,-1829.702784
108,16,17-Apr,62.09375,43,0.170625,49.40193548,-247.4423097,1603.199596,-374.6643232,-26673.27495,-1654.487041
109,16,18-Apr,61.06451613,43.4375,0.1803125,49.67483871,-396.3961266,1250.046131,-541.0248055,-24314.21138,-1499.287144
110,17,19-Apr,61.71875,42.90322581,0.0965625,49.95354839,-241.6653239,1816.096781,-387.9569361,-23589.51466,-1172.295977
111,17,20-Apr,63.93548387,42.58064516,0.211875,50.23225806,8.499199012,2635.452751,-296.1336791,-18294.05679,-1258.256792
112,17,21-Apr,63.5625,43.35483871,0.1253125,50.45290323,-123.0651432,2145.493645,-380.0282362,-20573.52995,-937.6936238
113,17,22-Apr,61,43.15625,0.0990625,50.64451613,-287.1053531,1752.496214,-550.9888502,-15815.15712,-778.2984771
114,17,23-Apr,62.53125,43.3,0.2346875,50.73741935,-191.1572379,2051.373419,-580.1966068,-17398.12875,-938.9272946
115,17,24-Apr,62.09375,43.61290323,0.300625,50.92322581,-257.3051615,1802.598264,-709.8325461,-13681.23709,-943.2453104
116,17,25-Apr,62.09375,43.5483871,0.240625,50.95225806,-239.4909674,1863.71195,-647.8322937,-11543.40564,-766.7732052
117,18,26-Apr,63.75,43.41935484,0.183125,51.23677419,-80.00866645,2504.566979,-485.9775748,-7345.823796,-520.4978456
118,18,27-Apr,63.40625,43.5625,0.195,51.49225806,-115.4957399,2420.804009,-570.0168283,-7176.103772,-402.2405907
119,18,28-Apr,62.625,43.84375,0.2128125,51.69548387,-192.8114945,2085.35781,-692.0617249,-6346.063353,-313.2220562
120,18,29-Apr,62.90625,44.43333333,0.1934375,51.9916129,-234.2002882,1862.849677,-747.2969684,-3243.232755,-142.7863737
121,18,30-Apr,64.21875,44.09677419,0.1821875,52.36322581,-69.29337914,2648.488743,-647.5617863,-3151.653793,45.77075075
122,18,1-May,65.3125,43.66666667,0.1546875,52.53741935,76.71967895,3416.893334,-473.3901478,2268.618564,211.4404523
123,18,2-May,66.25,44.46875,0.131875,52.75806452,96.58986992,3186.167215,-499.7925165,4320.392194,332.9755803
124,19,3-May,65.96875,45.125,0.1634375,53.02516129,-8.51419393,2679.791262,-673.1457705,5655.15511,382.6122697
125,19,4-May,65.28125,46.03333333,0.1415625,53.25741935,-201.788468,1803.739034,-818.8764952,8735.666187,522.051489
126,19,5-May,66.15625,46.46875,0.2159375,53.48967742,-187.6344467,1812.907005,-900.4148314,14678.86433,517.1353175
127,19,6-May,66.0625,46.65625,0.0940625,53.70451613,-204.6011789,1679.631548,-814.7865385,14492.07377,781.2378575
128,19,7-May,66.59375,45.4375,0.1359375,53.83806452,76.26333287,3024.064472,-677.7619495,11571.81402,817.8327219
129,19,8-May,65.78125,45.22580645,0.155,54.04709677,49.81545031,3020.282095,-740.6189725,12643.32638,888.4151231
130,19,9-May,65.77419355,45.22580645,0.11483871,54.28516129,74.05996454,3141.830362,-711.6109655,12706.51902,1053.18208
131,20,10-May,65.59375,46.19354839,0.1340625,54.40709677,-52.26783036,2262.445335,-850.1825152,17595.33635,1059.177124
132,20,11-May,67.46875,46.78125,0.088125,54.70322581,42.22738029,2515.838795,-770.4640908,17678.40605,1229.299972
133,20,12-May,66.125,47.61290323,0.125625,54.93548387,-200.6756037,1354.447333,-970.6072711,26361.67168,1263.510018
134,20,13-May,66.4375,46.74193548,0.104375,55.11548387,18.88292661,2375.450843,-856.0813564,21107.3402,1361.614751
135,20,14-May,68.8125,46.71875,0.134375,55.3883871,260.4734316,3444.68964,-743.5140888,23932.02883,1427.583574
136,20,15-May,69.96875,48.75,0.1921875,55.55677419,-6.827726752,1871.51021,-998.8253022,39925.65493,1414.555345
137,20,16-May,67.67741935,49.12903226,0.133548387,55.76,-287.7161477,736.7657597,-1057.016103,38761.17546,1593.330858
138,21,17-May,67.9375,49.15625,0.148709677,55.94580645,-230.1258959,891.4716504,-1065.45287,38702.97375,1646.166589
139,21,18-May,67.75,49.125,0.1396875,56.13741935,-193.1965576,933.2104761,-1057.434091,39176.93391,1712.496962
140,21,19-May,67.8125,49.09677419,0.14375,56.32322581,-138.6164401,1067.720962,-1055.006563,39242.06479,1766.98262
141,21,20-May,67.0625,48.34375,0.098125,56.541875,23.31667886,1635.968475,-976.6984568,36450.83523,1836.28487
142,21,21-May,66.375,47.93333333,0.12,56.643125,80.9958538,1811.245135,-981.3927723,38870.95696,1849.787572
143,21,22-May,66.5625,47.96666667,0.1559375,56.80625,116.91422,1918.957034,-1005.39443,39630.7285,1878.238697
144,21,23-May,68.21875,48.74193548,0.15125,56.935625,102.1631547,1873.174111,-997.4134952,41077.79874,1938.218941
145,22,24-May,69.83870968,49.55172414,0.069677419,57.115625,95.43520475,1699.196458,-922.4065531,42608.62768,2068.265473
146,22,25-May,70.1875,49.35483871,0.089677419,57.385625,231.1414264,2223.284277,-911.912539,39529.20656,2118.380009
147,22,26-May,68.16129032,49.76666667,0.1596875,57.565625,18.58096362,1004.918527,-1069.091498,49766.29164,2122.117296
148,22,27-May,69.71875,50.84375,0.0765625,57.70625,-124.3281381,429.7540272,-1023.739026,57387.36445,2233.933893
149,22,28-May,69.77419355,51.38709677,0.159354839,57.666875,-296.0640022,-137.35518,-1116.710892,70099.23056,2240.591696
150,22,29-May,68.09375,50.4516129,0.187419355,57.790625,-96.54564,317.470008,-1085.135652,64111.11176,2210.280371
151,22,30-May,68.9375,50.0625,0.109375,57.970625,97.27570025,1152.535705,-976.6595652,57152.84473,2255.99092
152,23,31-May,71.4375,50.03225806,0.0715625,58.325,399.5292918,2465.768082,-856.1485043,47022.01814,2357.398503
153,23,1-Jun,72.78125,52,0.0953125,58.60625,72.02072985,732.8698338,-1037.522783,62320.281,2455.683652
154,23,2-Jun,71.125,52.22580645,0.134375,58.53875,-197.3201763,-241.8905052,-1088.427772,76357.99794,2458.112965
155,23,3-Jun,72.03125,51.1875,0.1365625,59.045,343.1347228,1719.596421,-1003.824355,55032.85702,2462.660242
156,23,4-Jun,72.90625,51.29032258,0.1225,59.2925,468.3070551,2125.071292,-965.3415406,53226.53724,2507.382062
157,23,5-Jun,71.6875,51.03125,0.1275,59.41625,443.3730123,1944.594859,-964.7674657,53350.63349,2515.570239
158,23,6-Jun,70.5625,50.75,0.17125,59.556875,449.464228,1820.768026,-994.7575447,57671.76536,2499.761875
159,24,7-Jun,70.90625,51.625,0.18625,59.59625,280.9915449,933.4703297,-1043.181814,66074.57291,2539.336427
160,24,8-Jun,69.15625,51.80645161,0.121875,59.748125,178.2343499,-110.1640244,-977.5619409,74592.49968,2575.104594
161,24,9-Jun,70.03125,51.35483871,0.121875,59.93375,390.2418073,954.5102394,-946.7509419,64350.12499,2576.095575
162,24,10-Jun,69.0625,50.51612903,0.21625,60.04625,537.8033553,1525.76315,-975.3724122,68018.39063,2521.996562
163,24,11-Jun,68.5,50.90322581,0.1390625,60.153125,483.7172176,801.1772495,-915.6721661,71910.04175,2558.501955
164,24,12-Jun,70.7,51,0.15,60.33875,608.6690924,1922.063036,-896.8036023,63665.10266,2581.761131
165,24,13-Jun,71.48387097,53.03333333,0.1446875,60.4625,193.4141519,-244.5404422,-980.8143317,79361.35238,2701.047425
166,25,14-Jun,69.32258065,52.35483871,0.1121875,60.5975,317.0212124,-421.5774432,-885.8240544,84304.10576,2644.196087
167,25,15-Jun,69.34375,51.48387097,0.0775,60.794375,580.2247244,751.6592853,-815.9851471,75481.76628,2603.693478
168,25,16-Jun,69.96875,51.6875,0.129375,60.929375,604.4482924,895.3621034,-853.4006548,72432.91568,2628.008844
169,25,17-Jun,70.96875,52.22580645,0.0975,61.03625,563.5384291,770.4948483,-827.6546715,72617.20341,2654.121281
170,25,18-Jun,72.83870968,52.41935484,0.0875,61.424375,758.0069323,1702.85662,-800.1046028,62383.67159,2684.615925
171,25,19-Jun,71.96666667,51.83333333,0.0778125,61.683125,894.1353296,2140.581533,-743.5789108,60642.50537,2664.129183
172,25,20-Jun,75.35483871,52.46666667,0.06125,61.941875,1120.491807,3330.077281,-676.2042605,53981.83048,2708.841472
173,26,21-Jun,75.4,54.03448276,0.0425,62.13875,786.7375536,1132.273596,-785.5782261,60401.57815,2764.332367
174,26,22-Jun,75.09375,54.0625,0.10875,62.414375,832.8050855,1131.353362,-843.1525625,63414.72896,2751.518276
175,26,23-Jun,72.71875,54.5,0.0396875,62.6225,595.1172232,-792.4656079,-747.5390904,77403.31966,2725.742594
176,26,24-Jun,74.46875,54.16666667,0.098125,62.915,920.6168946,882.5880502,-790.633563,60161.48991,2736.310493
177,26,25-Jun,75.0625,54.06451613,0.0925,63.0275,1032.114814,1437.164817,-755.2014559,57859.93037,2710.564084
178,26,26-Jun,77.16129032,55.33333333,0.065,63.314375,972.5173721,827.9672982,-789.7261846,57821.05883,2776.202534
179,26,27-Jun,78.90322581,55.61290323,0.093125,63.550625,1171.915081,1549.483666,-814.7434472,62038.77099,2753.860405
180,27,28-Jun,78.19354839,55.48275862,0.061875,63.80375,1217.376442,1494.889587,-739.5856314,51405.34285,2739.406835
181,27,29-Jun,77.84375,55.77419355,0.09875,64.1075,1188.457262,1039.147769,-778.0486786,54341.8496,2737.859619
182,27,30-Jun,77.48387097,56.51612903,0.015,64.355,1006.337301,-333.8426651,-696.854839,51029.83238,2743.929596
183,27,1-Jul,77.6875,56.9,0.0303125,64.540625,964.2245608,-729.8033667,-711.8664076,54363.36229,2750.979524
184,27,2-Jul,76.28125,55.77419355,0.0221875,64.76,1292.015499,397.1446705,-587.8498528,46356.08194,2601.967043
185,27,3-Jul,76.9375,55.34375,0.0296875,64.895,1512.804469,1604.365637,-546.1296572,39712.89848,2558.931697
186,27,4-Jul,76.90625,55.6875,0.0225,65.148125,1513.731069,1159.086221,-527.9886749,39437.45016,2529.677478
187,28,5-Jul,76.75,55.0625,0.0275,65.271875,1695.399162,2160.145817,-463.9057071,37533.91422,2461.634479
188,28,6-Jul,76.75,55.35483871,0.0253125,65.5925,1744.608872,1860.952719,-444.9034227,36048.01481,2421.370924
189,28,7-Jul,77.5625,55.75,0.0084375,65.834375,1806.902891,1887.014416,-417.1267023,30333.53614,2399.344508
190,28,8-Jul,77.71875,56.51612903,0.02375,66.048125,1701.555659,818.3552551,-451.5927751,34042.6746,2398.529173
191,28,9-Jul,80.125,56.33333333,0.0703125,66.36875,2090.349588,3017.791977,-458.3463741,29727.99173,2372.064618
192,28,10-Jul,79.78125,56.86666667,0.031875,66.599375,2011.220162,1966.489427,-421.9338882,22119.87609,2343.552828
193,28,11-Jul,79.78125,56.83333333,0.008125,66.813125,2105.57266,2152.069456,-351.6809667,16827.37123,2274.081821
194,29,12-Jul,80.625,57.6875,0.0015625,67.105625,2071.980479,1381.585877,-372.2144272,13248.99643,2272.586745
195,29,13-Jul,81.03125,58.16666667,0.02125,67.415,2094.369711,1005.890555,-392.3786029,13178.20302,2255.978262
196,29,14-Jul,79.15625,57.25806452,0.004375,67.578125,2240.187001,1418.475198,-249.8149088,14963.2298,2075.491598
197,29,15-Jul,80.53125,57.4,0.0003125,67.69625,2374.512046,2240.490666,-232.3389335,7690.798688,2055.812912
198,29,16-Jul,81.03125,57.93548387,0.01,68,2403.312268,1821.575984,-242.1867119,5473.950367,2026.011528
199,29,17-Jul,81.03125,58.4375,0.02,68.208125,2344.582747,1020.663464,-249.1941213,7468.101074,1995.635779
200,29,18-Jul,79.21875,57.46875,0.031875,68.241875,2454.46886,1484.131746,-148.1264727,16567.1006,1837.801297
201,30,19-Jul,80.15625,57.51612903,0.0215625,68.37125,2568.207408,2186.318992,-115.6677094,10024.88807,1787.363776
202,30,20-Jul,80.40625,57.875,0.023125,68.5625,2579.96138,1829.877391,-103.4168964,8699.041391,1738.569095
203,30,21-Jul,80.875,57.625,0.0125,68.736875,2750.069843,2768.388693,-36.77195398,3851.785336,1650.807198
204,30,22-Jul,82.71875,58.63333333,0.02,68.945,2766.508295,2407.140197,-96.39754543,-963.6557088,1667.415131
205,30,23-Jul,81.25,58.48387097,0.0209375,69.153125,2745.066373,1701.890884,-24.23616315,1877.53289,1548.510426
206,30,24-Jul,81.625,58.68965517,0.01625,69.333125,2802.176799,1711.992652,4.439495929,-1297.255518,1482.490766
207,30,25-Jul,80.875,57.28125,0.0021875,68.691875,2788.885606,3360.50415,96.18637264,8933.946533,1413.69638
208,31,26-Jul,81,58.87096774,0.0028125,69.33875,2694.140878,856.9856996,72.39627256,3970.144303,1348.981131
209,31,27-Jul,83,58.67741935,0.0021875,69.648125,3067.794001,3024.846863,115.4093302,-8644.474748,1266.410771
210,31,28-Jul,82.96774194,58.93333333,0.00375,69.974375,3137.31641,2726.219239,151.5816609,-12184.52526,1171.683015
211,31,29-Jul,83.70967742,58.4,0.0153125,70.064375,3364.987716,4463.403837,218.6473436,-9430.315621,1077.2456
212,31,30-Jul,83.875,58.9375,0.039375,70.28375,3341.010917,3693.859184,182.4378617,-7342.359419,1020.694099
213,31,31-Jul,82.40625,58.70967742,0.00625,70.25,3240.127333,2892.384357,275.8166389,-9856.972499,909.7171291
214,31,1-Aug,82.28125,57.89655172,0.0025,70.435625,3458.792152,4516.775468,393.226118,-8937.806376,771.1426357
215,32,2-Aug,81.03125,57.66666667,0.019375,70.4075,3378.762872,3863.778105,411.3965051,255.550361,684.7968204
216,32,3-Aug,80.90625,58.375,0.0046875,70.5875,3327.852181,2493.454524,431.6097549,-4123.960413,599.9450917
217,32,4-Aug,82.75,58.33333333,0.0003125,70.53125,3447.336102,4104.017318,443.3086113,-10785.23603,584.3088517
218,32,5-Aug,84.5,59.35483871,0.01125,70.626875,3436.850144,3578.566564,366.9497589,-12135.34762,574.5451016
219,32,6-Aug,81.4375,59.3125,0.008125,70.728125,3209.940004,1175.992347,459.639572,-5213.02926,449.5495343
220,32,7-Aug,79.21875,58.6875,0.055,70.8125,3259.634242,560.2488303,533.5174731,12567.58959,331.6451496
221,32,8-Aug,78.71875,58.4516129,0.0321875,70.59875,3184.39219,460.8042823,577.5680899,14645.19837,277.3297729
222,33,9-Aug,79.53125,58.82758621,0.00125,70.62125,3145.538885,435.8711735,602.960506,7260.275234,218.4188583
223,33,10-Aug,81.9375,59,0.0121875,70.89125,3367.203823,2303.165089,577.0125734,-7956.305137,151.0015997
224,33,11-Aug,81.3125,59.03125,0.0146875,70.82375,3279.427952,1661.879364,601.0542567,-3886.901994,103.4252128
225,33,12-Aug,82.34375,59.17241379,0.030625,71.06,3420.182406,2412.180382,606.3835913,-7490.3062,6.857818041
226,33,13-Aug,82.59375,58.74193548,0.015625,71.00375,3500.315711,3439.409398,667.7274716,-9469.347017,-72.82382006
227,33,14-Aug,82.96875,58.15625,0.0075,71.088125,3663.826398,4990.124406,761.5495123,-10456.11894,-180.926354
228,33,15-Aug,82.96875,58.8125,0.0084375,71.11625,3556.654464,3687.11204,731.8609622,-12186.50646,-226.6562397
229,34,16-Aug,82.0625,59.5,0.000625,70.98125,3269.345689,1431.017603,717.3947895,-7607.730677,-218.9635294
230,34,17-Aug,80.9375,58.6875,0.0359375,70.835,3290.10375,1995.3272,744.3836148,-1275.585179,-260.1010939
231,34,18-Aug,80.46875,58.25,0.0196875,70.79,3322.793779,2405.023932,811.8687413,-2971.556843,-330.8841223
232,34,19-Aug,80.65625,57.84375,0.0184375,70.77875,3387.733108,3338.735466,854.8160133,-4426.35444,-396.0744668
233,34,20-Aug,81.4375,57.87096774,0.03625,70.64375,3362.709303,3871.628474,830.8902315,-882.0278187,-410.8109163
234,34,21-Aug,79.625,57.5625,0.0515625,70.570625,3268.280424,2837.333337,861.5602427,1284.960552,-428.5783225
235,34,22-Aug,77.78125,56.87096774,0.094375,70.41875,3219.000489,2399.948276,876.8200954,7966.909876,-418.4835699
236,35,23-Aug,78.1875,55.48387097,0.0671875,70.3175,3276.675073,5211.736485,978.122294,8228.617614,-451.4239437
237,35,24-Aug,77.75,55.03125,0.0484375,70.16,3221.153769,5545.10738,1028.673944,6654.141996,-422.103426
238,35,25-Aug,79.09375,54.78125,0.0646875,70.075625,3218.904127,7142.044343,1069.508343,13026.65371,-458.0149439
239,35,26-Aug,80.0625,55.36666667,0.0425,70.05875,3257.781364,6957.148512,1087.340811,6944.819443,-513.7229959
240,35,27-Aug,79.5,56.16129032,0.0203125,70.0475,3183.783157,5000.583223,1055.819591,-3677.463339,-537.5769011
241,35,28-Aug,80.96875,56.15625,0.008125,70.16,3308.250764,6368.463955,1133.110516,-2375.755158,-646.9223827
242,35,29-Aug,82.03125,57.3,0.035625,70.0925,3217.620859,5044.200296,1012.243453,6392.721243,-721.9133208
243,36,30-Aug,77.71875,56.5625,0.079375,69.99125,3025.790108,2653.973272,1024.763758,-5592.27094,-607.2232992
244,36,31-Aug,76.9375,55.78125,0.045625,69.850625,3027.458469,3299.918646,1103.742729,-10530.61824,-565.7419866
245,36,1-Sep,77.03125,55.35483871,0.054375,69.38375,2873.24386,3882.249245,1077.356679,-9256.907331,-403.5297529
246,36,2-Sep,78.09375,55.22580645,0.0271875,69.231875,2861.076324,4945.331849,1130.371501,-7840.066738,-386.9643582
247,36,3-Sep,79.15625,55.0625,0.07125,69.18125,2880.537181,6076.590473,1122.692842,2851.696356,-490.9374928
248,36,4-Sep,79.03125,55.28125,0.0375,69.1025,2841.205529,5545.619119,1154.633555,-3112.299462,-446.6195524
249,36,5-Sep,78.8125,54.96875,0.015,69.07419355,2842.412323,5904.792829,1225.828285,-8133.563163,-419.8770854
250,37,6-Sep,77.625,55.13333333,0.0571875,68.995625,2732.803841,4534.106532,1147.017685,-13335.11202,-406.022874
251,37,7-Sep,77.1875,53.90625,0.0828125,68.961875,2731.773052,6215.394809,1218.117405,-15098.85737,-394.6292921
252,37,8-Sep,78.53125,55.36666667,0.0653125,68.68625,2629.184682,4684.414338,1132.60652,-3731.048775,-389.1056407
253,37,9-Sep,76.9375,54.73333333,0.0390625,68.48375,2545.991376,4356.965793,1187.25313,-18465.59216,-177.7807639
254,37,10-Sep,77.375,54.5625,0.0409375,68.331875,2516.597387,4915.469151,1206.233354,-15425.56983,-150.4052924
255,37,11-Sep,78.09375,54.15625,0.04875,68.309375,2557.051989,6176.646596,1267.588842,-10764.13783,-207.343025
256,37,12-Sep,78.15625,54.35483871,0.02875,68.264375,2536.960722,5865.241541,1290.959055,-12469.62715,-183.2750166
257,38,13-Sep,76.58064516,52.96551724,0.04125,68.16875,2457.09547,6816.503872,1363.63356,-29793.06038,4.985623349
258,38,14-Sep,75.9375,53.12903226,0.08125,67.9775,2367.869997,5852.317254,1272.476087,-35003.84949,47.49474755
259,38,15-Sep,75.125,53.875,0.08875,68.0116129,2341.708082,3978.715413,1217.917296,-44195.2525,40.65201923
260,38,16-Sep,72.75,53.77419355,0.145,67.43677419,2136.779157,1932.337889,1115.055636,-59107.25985,457.074059
261,38,17-Sep,72.0625,54.03125,0.159375,67.208,2038.316696,914.1962468,1101.871523,-61720.92605,625.5678983
262,38,18-Sep,71.625,53.375,0.2484375,67.1,2033.10396,1438.755226,1046.615357,-78642.17902,594.4326281
263,38,19-Sep,72.03125,52.34375,0.2134375,67.05655172,2021.248937,3261.183958,1100.486687,-84156.39595,629.0737882
264,39,20-Sep,71.21875,51.6875,0.0921875,66.98206897,2023.765888,3654.231214,1237.724515,-93967.00746,999.2080181
265,39,21-Sep,72.71875,51.59375,0.03,66.69034483,1920.418025,4969.756733,1338.227024,-77382.10514,1180.092253
266,39,22-Sep,74.9375,51.64516129,0.0296875,66.41857143,1885.615489,6520.63994,1416.496741,-49147.93498,1142.405424
267,39,23-Sep,74.1875,52.09677419,0.0434375,66.25333333,1809.116232,5134.083169,1322.463719,-56392.53588,1246.820617
268,39,24-Sep,73.875,51.5625,0.12875,66.13333333,1742.162749,5543.037301,1254.548354,-67138.94704,1170.663216
269,39,25-Sep,73.80645161,52.72413793,0.0721875,66.03384615,1688.813364,3751.22327,1237.528903,-56901.0454,1330.334689
270,39,26-Sep,73.09375,52.36666667,0.1046875,65.99230769,1671.623743,3705.057235,1218.662037,-75854.23705,1389.482157
271,40,27-Sep,73.12903226,51.35483871,0.1053125,65.82615385,1638.980611,5126.796583,1288.161843,-85079.79916,1551.074758
272,40,28-Sep,74.53125,51.48387097,0.189375,66.0488,1683.824545,6031.865177,1272.445703,-65427.63832,977.1925633
273,40,29-Sep,74.25,51.21875,0.0959375,65.8616,1658.883534,6201.345337,1394.503996,-74544.44932,1451.893917
274,40,30-Sep,70.6875,52.06451613,0.1721875,65.6672,1558.059339,2138.964471,1163.898387,-127210.2615,1810.269289
275,40,1-Oct,69.625,51.67741935,0.3146875,65.6825,1574.912145,1728.003726,1080.543695,-163433.4568,1624.837361
276,40,2-Oct,69.28125,49.96875,0.0890625,65.3975,1488.813094,3886.987466,1299.793146,-165523.6705,2543.438251
277,40,3-Oct,66.34375,48.61290323,0.1403125,65.165,1442.472538,3116.108988,1203.49478,-223920.0806,3080.392997
278,41,4-Oct,66.53125,49,0.1678125,64.64,1345.010161,2645.677909,1143.294393,-224968.8775,3350.375102
279,41,5-Oct,67.0625,48.93548387,0.1490625,64.42347826,1250.38744,3105.661676,1168.343966,-218142.1226,3527.899441
280,41,6-Oct,66.46875,47.93103448,0.1696875,63.9125,1057.989443,3674.740783,1135.648627,-240060.4489,4050.629487
281,41,7-Oct,67.03125,49.12903226,0.125625,63.7925,1103.755569,2718.460958,1156.271225,-210739.8673,4114.938112
282,41,8-Oct,65.5625,48.16666667,0.1134375,63.7475,1098.159738,2773.729751,1164.169326,-248883.3137,4537.40908
283,41,9-Oct,65.15625,48.12903226,0.2209375,63.5375,1064.455974,2300.190897,1055.037447,-282677.7248,4471.127151
284,41,10-Oct,64.875,48.29032258,0.291875,63.095,985.7243959,1745.737935,973.0221243,-297394.5439,4638.896821
285,42,11-Oct,63.375,46.77419355,0.2790625,62.8175,875.3223937,2194.83546,955.7096516,-346517.4846,5326.280252
286,42,12-Oct,63.5,46.125,0.241875,62.4275,690.8176729,2943.851261,982.7402813,-345921.2384,5863.025695
287,42,13-Oct,62.15625,46.74193548,0.1703125,62.1575,846.3076255,1488.196081,980.6403002,-344743.7971,6551.737583
288,42,14-Oct,63.46875,47.09677419,0.2996875,61.98956522,726.809817,1811.865368,910.4783623,-351611.7736,5999.331734
289,42,15-Oct,64.125,46.09677419,0.24125,61.5725,493.7555474,3253.483171,984.2998296,-337378.2005,6583.729922
290,42,16-Oct,63.64516129,46.90625,0.2184375,61.3925,571.8685724,2150.432096,955.2395625,-331101.108,6898.133688
291,42,17-Oct,63.09375,46.64516129,0.1175,61.22,542.6744087,2161.393531,1035.307705,-318716.8151,7640.187839
292,43,18-Oct,62.29032258,46.64516129,0.2696875,61.0625,571.7758028,1396.965838,882.3143889,-384822.0482,7394.18604
293,43,19-Oct,62.25806452,46.55172414,0.2640625,60.665,481.6909611,1428.423835,868.1990139,-381667.5249,7827.331413
294,43,20-Oct,63.28125,46.80645161,0.171875,60.1325,309.6332879,1847.914407,942.2295075,-310329.7035,8492.186441
295,43,21-Oct,62.09677419,47.86666667,0.2575,59.975,321.2665581,86.0774505,845.8750477,-332034.6154,8527.995345
296,43,22-Oct,62.93548387,46.83870968,0.3775,59.6525,220.3245046,1311.864273,759.2715582,-368287.3971,8156.690996
297,43,23-Oct,62.83870968,46.56666667,0.1775,59.645,209.5683432,1709.046131,923.9313329,-328349.6071,9249.968094
298,43,24-Oct,61.09375,45.40625,0.24625,59.23478261,199.0500363,1575.335299,818.2761391,-421166.1585,9891.471144
299,44,25-Oct,59.96875,44.21875,0.185,59.105,143.6243866,1946.83069,852.591961,-462521.1749,10809.02609
300,44,26-Oct,59.41935484,44.19354839,0.2509375,58.655,126.1696578,1492.669014,759.6202892,-494715.6536,11105.69733
301,44,27-Oct,59.34375,44.65625,0.31875,58.265,113.6307199,988.3323885,691.3168335,-501122.7941,11164.17042
302,44,28-Oct,58.78125,43.93548387,0.3825,58.0025,59.88614156,1061.375886,635.4329222,-557289.5072,11366.15079
303,44,29-Oct,58.4375,43.61290323,0.431875,57.56,-5.668143773,989.68688,587.6936876,-583500.37,11690.05114
304,44,30-Oct,57.09375,43.22580645,0.2628125,57.17,18.06045869,801.8367225,632.3221003,-569140.2454,13523.0265
305,44,31-Oct,56.46875,43,0.55,56.7875,22.40405424,126.4360802,473.2711731,-691870.3151,12508.55166
306,45,1-Nov,55.65625,42,0.4421875,56.5775,-40.88716244,416.0798352,469.4767386,-716907.4072,13815.05189
307,45,2-Nov,54.8125,42,0.3596875,56.25304348,17.86359712,173.2555809,470.0829717,-710148.0173,14983.9496
308,45,3-Nov,55.4375,41.78125,0.300625,55.4675,-172.1289144,743.1006305,512.4045945,-647806.1733,16051.37296
309,45,4-Nov,55.375,41.21875,0.455625,55.3925,-237.0406706,682.1740625,431.0909731,-736283.8425,15339.3373
310,45,5-Nov,55.375,43.0625,0.39125,55.1225,-125.4641352,-21.08156668,458.8993726,-640929.2534,15964.06142
311,45,6-Nov,54,42.96666667,0.5115625,54.57363636,-44.59478646,-614.7921347,385.4936451,-727031.5356,16338.53998
312,45,7-Nov,54.375,42.70967742,0.4475,54.605,-106.8738137,-294.2111923,399.437381,-706178.8227,16735.70242
313,46,8-Nov,53.125,41.625,0.304375,54.50782609,-73.32206275,-166.1141884,413.0642627,-727050.4939,18379.30768
314,46,9-Nov,53.34375,40.96774194,0.2546875,54.16347826,-209.762478,303.5055974,442.6223879,-712037.64,19215.42401
315,46,10-Nov,52.34375,42.1,0.239375,53.95217391,-90.52602401,-520.1480355,442.3697722,-674398.2194,19805.42228
316,46,11-Nov,53.25,42.28125,0.3446875,53.6,-203.1234026,-316.3396392,394.5527337,-689546.2872,19377.75537
317,46,12-Nov,53.34375,41.32258065,0.4209375,53.2625,-247.6427665,10.77563861,332.9190609,-761789.1706,19423.52758
318,46,13-Nov,53.21875,42.125,0.6315625,52.8275,-248.2712749,-457.6936308,285.0412276,-805180.937,18478.17707
319,46,14-Nov,52.5625,41.78125,0.37,52.91913043,-237.2615526,-317.2789344,341.2575326,-737454.1135,20666.55949
320,47,15-Nov,53.46875,41.34375,0.20625,52.4075,-458.2375954,338.4357303,471.7611462,-600252.3275,22205.24627
321,47,16-Nov,52.09375,40.875,0.3140625,52.02909091,-331.0308335,-15.10562675,330.4119416,-728285.0231,22578.0607
322,47,17-Nov,50.6875,40.64516129,0.4790625,51.55454545,-172.8543453,-490.3863885,205.1338572,-872548.7729,22616.03796
323,47,18-Nov,51.71875,40.80645161,0.4196875,51.34181818,-340.7102966,-130.2988531,250.4980137,-779894.1805,23027.33808
324,47,19-Nov,49.34375,39.34375,0.5590625,50.86727273,-90.75568411,-652.2039079,104.5142278,-1017692.417,23717.41125
325,47,20-Nov,48.5483871,40.0625,0.663125,50.55636364,30.63926322,-960.9470252,122.1038562,-1061833.232,23698.88218
326,47,21-Nov,49.25,38.65625,0.3190625,50.42545455,-250.0923235,-165.7465321,178.7340423,-901507.188,26545.04568
327,48,22-Nov,47.84375,37.75,0.5728125,50.08181818,-70.720751,-845.1444071,0.809317488,-1155684.423,25762.12454
328,48,23-Nov,48.09677419,38.5,0.3896875,49.42727273,-159.0732358,-348.2880869,91.68808723,-956112.7035,27964.15522
329,48,24-Nov,47.53125,38.53125,0.53625,48.95272727,-59.2600929,-534.4833879,24.64699815,-1051800.957,27727.71983
330,48,25-Nov,47.96774194,37.78125,0.6846875,48.87090909,-111.2776612,-662.0636144,-6.727601089,-1156583.447,26558.82041
331,48,26-Nov,47.53125,37.87096774,0.368125,48.93636364,-169.9214679,-322.4162359,60.28917573,-995542.8635,29615.29941
332,48,27-Nov,45.96774194,36.90322581,0.3378125,49.42727273,-39.50275601,-788.2523576,-34.10573439,-1140621.56,30286.583
333,48,28-Nov,47.58064516,37.41935484,0.3821875,47.21818182,-245.5014416,14.00185749,80.80404159,-911577.8641,31925.72548
334,49,29-Nov,47,37.625,0.400625,47.87272727,-165.1182107,-233.6651684,20.71691876,-1004124.642,31450.63271
335,49,30-Nov,46.90625,36.9375,0.3928125,47.52909091,-183.5984259,-194.6581811,14.79331694,-1028823.544,32278.09768
336,49,1-Dec,47.15625,37.9,0.57,47.31636364,-146.48615,-237.3992279,-32.69584195,-1066785.988,30897.01355
337,49,2-Dec,47.375,37.70967742,0.508064516,47.16909091,-206.0722232,-129.1015713,-14.91739685,-1023298.155,31759.47214
338,49,3-Dec,45.21875,36.90625,0.36483871,46.976,-47.44559183,-312.0774122,-56.22598924,-1071554.932,34582.65173
339,49,4-Dec,45.0625,35.9375,0.289032258,46.18727273,-108.8024338,-153.5264962,-10.44058788,-1024885.279,36688.53966
340,49,5-Dec,44.90625,34.875,0.414516129,46.02363636,-64.71882142,-472.3270522,-103.4913862,-1203659.415,36239.15681
341,50,6-Dec,43.09375,34.75,0.361935484,45.63090909,128.2008203,-566.5145853,-186.1932017,-1238985.596,38302.80696
342,50,7-Dec,42.22580645,34.33333333,0.331935484,45.27090909,199.6513393,-621.5949816,-221.4286806,-1263913.137,39751.54495
343,50,8-Dec,42.64516129,34.41935484,0.419677419,44.96,210.9141647,-583.274909,-235.5020391,-1297957.492,39348.01084
344,50,9-Dec,43.67741935,34.34375,0.436774194,44.6,97.79419959,-427.7893788,-168.4409997,-1239538.736,39383.71308
345,50,10-Dec,43.1875,34.70967742,0.462580645,44.45272727,178.7613288,-359.1270949,-213.7147085,-1258189.168,39728.63506
346,50,11-Dec,43.46666667,35.5,0.427419355,44.17454545,103.7418094,-10.34245773,-165.9105142,-1135542.505,40402.10626
347,50,12-Dec,43.9375,35.64516129,0.629032258,44.06,157.3588319,-101.0530177,-216.8243017,-1254277.404,38466.77108
348,51,13-Dec,45.875,35.5483871,0.514193548,43.99454545,-85.58950266,31.33050255,-88.14570805,-1058696.153,38962.73994
349,51,14-Dec,44.5,35.9375,0.424516129,43.76545455,-63.88336788,217.8310156,-120.2452594,-1024462.317,41102.78768
350,51,15-Dec,44.09375,34.5625,0.417419355,43.50363636,47.33468759,-81.20993766,-135.9534141,-1134108.727,42197.20268
351,51,16-Dec,42.71875,34.875,0.348709677,43.14363636,110.6463017,138.7124492,-171.0660611,-1096285.481,44269.48072
352,51,17-Dec,43.87096774,35.03125,0.405483871,42.94727273,31.57722969,176.7842589,-140.3786578,-1057080.975,43580.3724
353,51,18-Dec,43.40625,34.71875,0.372580645,42.94727273,60.47220866,112.2083026,-158.7792502,-1090589.216,44486.51905
354,51,19-Dec,43.375,34.5,0.352903226,42.65272727,61.5910229,124.896957,-140.7275422,-1069058.204,45401.46581
355,52,20-Dec,42.58064516,34.28125,0.575483871,42.63636364,291.6324854,-122.3151335,-321.1855535,-1337248.335,43740.69749
356,52,21-Dec,42.53125,34.1875,0.522580645,42.37454545,269.7643963,-33.18551031,-304.3235062,-1286033.335,44969.16673
357,52,22-Dec,42.09375,33.71875,0.327096774,41.88363636,202.5835858,94.81778096,-197.2663512,-1127852.266,48344.95171
358,52,23-Dec,41.9375,33.29032258,0.293225806,42.04727273,188.9882355,-66.17273568,-200.9715775,-1169416.939,48943.23727
359,52,24-Dec,41.29032258,33.51612903,0.356129032,42.06363636,287.36293,-32.02692265,-314.6519799,-1262158.006,48810.25887
360,52,25-Dec,41,33.66666667,0.36137931,41.84,313.5517741,95.17627795,-335.9427716,-1255773.804,49461.03909
361,52,26-Dec,41.51612903,33.12903226,0.376206897,41.67090909,297.9327479,-110.0660291,-313.7769295,-1277893.995,49648.05155
362,53,27-Dec,41.48387097,33.80645161,0.457333333,41.44181818,328.9803625,167.9683889,-367.0196389,-1280974.485,49220.6268
363,53,28-Dec,42.875,34.3125,0.557,41.21272727,226.2772092,269.2816676,-333.9220377,-1213571.572,47766.96704
364,53,29-Dec,43.63333333,33.77419355,0.487741935,41.44181818,153.6723705,-27.91400277,-265.5715228,-1186878.651,48184.77431
365,53,30-Dec,41.75,32.77419355,0.481935484,41.36,346.5900294,-313.6603179,-396.5387022,-1396824.135,49923.07054
366,53,31-Dec,42.1875,32.53125,0.379677419,40.75454545,293.6122976,-212.7640442,-257.0251376,-1231568.496,52043.39818
