day,maxtempf,mintempf,precipitationinch,watertempf,sockeyecount
153,65.0,51.0,0.03,59.0,1
156,64.0,49.0,0.07,59.0,3
159,69.0,52.0,0.06,59.0,1
160,64.0,53.0,0.39,59.0,3
162,59.0,48.0,0.68,59.0,5
163,64.0,48.0,0.17,59.0,10
164,61.0,49.0,0.83,59.0,12
165,71.0,51.0,0.0,59.0,16
166,78.0,51.0,0.0,59.0,60
167,76.0,53.0,0.0,59.0,108
168,62.0,55.0,0.0,59.0,169
169,71.0,55.0,0.0,60.08,245
170,78.0,56.0,0.0,60.08,387
171,81.0,55.0,0.0,60.08,537
172,80.0,58.0,0.0,60.08,1088
173,93.0,63.0,0.0,60.08,1824
174,85.0,60.0,0.0,62.96,2028
175,74.0,58.0,0.0,62.96,2551
176,78.0,56.0,0.0,62.96,3151
177,76.0,56.0,0.0,62.96,3603
178,78.0,53.0,0.0,62.96,3239
180,77.0,59.0,0.0,64.94,2202
181,83.0,59.0,0.0,64.94,2241
182,76.0,58.0,0.0,66.02,1731
183,73.0,55.0,0.07,66.02,1917
184,66.0,51.0,0.07,66.02,1596
185,79.0,53.0,0.0,66.02,1266
186,82.0,57.0,0.0,66.02,1449
187,80.0,57.0,0.22,66.02,1731
188,73.0,53.0,0.01,66.02,1516
189,83.0,53.0,0.0,66.02,1705
190,87.0,57.0,0.0,66.02,1151
191,83.0,60.0,0.0,66.02,1310
192,88.0,61.0,0.0,66.92,1434
193,89.0,64.0,0.0,66.92,931
194,94.0,61.0,0.0,66.92,963
195,86.0,60.0,0.0,66.92,964
196,86.0,60.0,0.0,66.92,565
197,91.0,58.0,0.0,66.92,445
198,81.0,56.0,0.0,68.0,467
199,82.0,56.0,0.0,68.0,395
200,87.0,57.0,0.0,68.0,274
201,91.0,57.0,0.0,68.0,273
202,100.0,62.0,0.0,69.08,188
203,99.0,65.0,0.0,69.98,213
204,91.0,59.0,0.0,71.06,149
205,76.0,59.0,0.0,71.06,136
206,69.0,59.0,0.0,69.98,121
207,66.0,59.0,0.0,69.08,73
208,73.0,58.0,0.0,68.0,60
209,76.0,59.0,0.0,68.0,68
210,86.0,57.0,0.0,69.08,63
211,101.0,64.0,0.0,71.06,50
212,80.0,60.0,0.09,71.06,40
213,75.0,61.0,0.0,71.96,22
214,80.0,56.0,0.0,71.06,34
215,82.0,56.0,0.0,71.06,17
216,88.0,59.0,0.0,71.06,33
217,99.0,63.0,0.0,71.06,13
218,90.0,60.0,0.0,71.96,17
219,84.0,60.0,0.0,71.96,21
220,88.0,61.0,0.0,73.04,5
221,86.0,66.0,0.0,73.04,6
222,88.0,62.0,0.0,71.96,5
223,93.0,62.0,0.0,71.96,5
224,101.0,66.0,0.0,73.94,3
225,89.0,64.0,0.0,75.02,2
226,79.0,61.0,0.0,73.94,1
227,83.0,60.0,0.0,73.94,1
229,81.0,62.0,0.04,73.04,1
231,78.0,58.0,0.0,71.96,2
232,75.0,60.0,0.06,71.96,1
235,71.0,54.0,0.0,71.06,2
236,73.0,54.0,0.0,69.98,3
237,73.0,55.0,0.05,69.98,1
256,68.0,51.0,0.0,69.98,1
155,63.0,42.0,0.0,57.02,1
158,75.0,52.0,0.0,57.92,5
160,73.0,51.0,0.01,57.92,14
161,81.0,50.0,0.0,57.92,33
162,84.0,55.0,0.02,57.92,70
163,68.0,50.0,0.02,60.08,48
164,61.0,49.0,0.3,59.0,63
165,61.0,49.0,0.17,59.0,84
166,67.0,49.0,0.0,60.08,110
167,68.0,50.0,0.08,59.0,107
168,65.0,45.0,0.36,59.0,129
169,73.0,45.0,0.0,60.08,301
170,81.0,53.0,0.0,60.98,568
171,65.0,50.0,0.75,60.98,850
172,56.0,50.0,0.43,60.08,924
173,61.0,50.0,0.0,60.08,1138
176,62.0,55.0,0.0,57.92,1880
177,64.0,55.0,0.02,60.08,2276
178,70.0,49.0,0.0,60.08,2915
179,77.0,50.0,0.09,60.08,2527
180,68.0,56.0,0.04,60.98,2648
181,64.0,56.0,0.0,60.98,2254
183,84.0,58.0,0.0,64.04,2322
184,97.0,62.0,0.0,64.94,2736
185,85.0,57.0,0.0,66.02,3729
186,81.0,55.0,0.0,66.02,4632
187,77.0,53.0,0.0,64.94,4313
188,80.0,53.0,0.0,66.02,5067
189,91.0,59.0,0.0,66.02,4322
190,81.0,55.0,0.0,66.02,3761
191,71.0,54.0,0.0,66.92,3514
192,75.0,54.0,0.0,66.92,3301
193,86.0,55.0,0.0,66.02,2374
194,88.0,59.0,0.0,66.92,1804
195,75.0,56.0,0.0,66.92,1787
196,79.0,55.0,0.0,66.92,1630
197,75.0,59.0,0.05,66.92,1082
198,74.0,59.0,0.06,66.92,764
199,72.0,55.0,0.0,66.92,722
200,77.0,55.0,0.0,68.0,612
201,73.0,55.0,0.0,68.0,576
202,78.0,56.0,0.0,68.0,505
203,83.0,57.0,0.0,66.92,384
204,95.0,60.0,0.0,68.0,337
205,100.0,66.0,0.0,69.08,255
206,75.0,61.0,0.0,69.98,211
207,73.0,59.0,0.0,69.08,252
208,81.0,58.0,0.0,69.08,190
209,86.0,59.0,0.0,69.98,209
210,87.0,62.0,0.0,69.98,176
211,85.0,62.0,0.0,69.08,132
212,86.0,58.0,0.0,69.08,64
213,89.0,58.0,0.0,69.98,76
214,77.0,57.0,0.0,69.98,74
215,81.0,57.0,0.0,69.98,46
216,83.0,61.0,0.0,71.06,42
217,79.0,60.0,0.0,71.06,31
218,76.0,60.0,0.0,71.06,27
219,82.0,60.0,0.0,71.06,12
220,85.0,64.0,0.0,71.96,11
221,91.0,64.0,0.0,71.96,17
222,72.0,57.0,0.04,71.96,16
223,73.0,55.0,0.0,71.06,4
224,80.0,55.0,0.0,71.06,2
225,84.0,56.0,0.0,71.06,19
226,82.0,58.0,0.0,71.96,5
227,87.0,59.0,0.0,71.96,10
228,89.0,63.0,0.0,71.96,9
229,81.0,62.0,0.0,71.96,8
230,85.0,62.0,0.0,71.96,3
231,85.0,66.0,0.15,73.04,6
232,86.0,65.0,0.0,71.96,6
233,90.0,64.0,0.0,71.96,5
234,87.0,65.0,0.0,73.04,5
235,86.0,57.0,0.0,73.04,3
236,72.0,55.0,0.0,71.06,5
237,74.0,55.0,0.0,69.98,5
241,69.0,56.0,0.61,69.98,1
242,64.0,56.0,0.3,71.06,7
243,80.0,60.0,0.04,71.06,2
244,73.0,56.0,0.19,71.06,6
245,73.0,52.0,0.0,71.06,1
148,72.0,52.0,0.0,62.06,1
149,71.0,53.0,0.0,62.06,2
150,74.0,55.0,0.0,60.98,4
151,76.0,56.0,0.0,60.98,7
152,80.0,56.0,0.0,62.06,6
153,87.0,56.0,0.0,62.06,18
154,71.0,52.0,0.0,62.96,12
155,77.0,52.0,0.0,62.06,20
156,86.0,53.0,0.0,64.04,73
157,75.0,52.0,0.0,64.04,83
158,76.0,52.0,0.0,64.04,91
159,81.0,53.0,0.0,62.06,142
160,76.0,53.0,0.0,62.06,301
161,75.0,57.0,0.0,62.96,353
162,71.0,56.0,0.0,62.96,465
163,75.0,57.0,0.0,64.04,446
164,65.0,54.0,0.05,66.02,630
165,67.0,52.0,0.28,64.94,528
166,68.0,51.0,0.03,66.02,502
167,73.0,52.0,0.03,66.02,718
168,63.0,55.0,0.0,66.02,829
169,66.0,54.0,0.0,62.96,998
170,72.0,52.0,0.0,64.04,1368
171,82.0,57.0,0.0,64.94,1818
172,84.0,59.0,0.0,64.94,3023
173,84.0,60.0,0.0,64.94,3688
174,96.0,61.0,0.0,68.0,4191
175,102.0,64.0,0.0,68.0,5238
176,96.0,66.0,0.0,68.0,4867
177,92.0,66.0,0.0,68.0,4795
178,86.0,65.0,0.0,68.0,3580
179,86.0,63.0,0.0,68.0,3524
180,84.0,63.0,0.0,68.0,4108
181,74.0,56.0,0.37,68.0,3747
182,71.0,54.0,0.21,68.0,4136
183,74.0,54.0,0.0,68.0,2980
184,73.0,57.0,0.0,68.0,2554
185,80.0,58.0,0.0,68.0,2204
186,84.0,62.0,0.08,69.08,1917
187,66.0,57.0,0.79,68.0,1686
188,74.0,58.0,0.12,69.08,813
189,73.0,59.0,0.0,69.08,1078
190,71.0,59.0,0.0,69.08,1686
191,72.0,59.0,0.0,69.08,1294
192,78.0,60.0,0.0,68.0,1115
193,78.0,59.0,0.0,68.0,1957
194,80.0,59.0,0.0,69.08,1851
195,85.0,59.0,0.0,69.08,1393
196,79.0,60.0,0.0,69.98,1369
197,78.0,58.0,0.0,69.98,936
198,88.0,58.0,0.0,69.98,975
199,96.0,64.0,0.0,69.98,1079
200,102.0,65.0,0.0,69.98,784
201,94.0,68.0,0.0,71.96,628
202,87.0,63.0,0.0,71.96,555
203,76.0,61.0,0.11,71.96,310
204,75.0,61.0,0.0,71.96,262
205,67.0,56.0,0.12,71.96,184
206,72.0,55.0,0.02,71.06,216
207,76.0,59.0,0.0,69.98,130
208,91.0,60.0,0.0,69.98,97
209,86.0,58.0,0.0,71.96,122
210,87.0,58.0,0.0,71.96,78
211,88.0,60.0,0.0,71.96,71
212,90.0,61.0,0.0,73.04,33
213,102.0,65.0,0.0,73.04,52
214,89.0,60.0,0.0,73.04,29
215,76.0,61.0,0.0,73.04,23
216,83.0,61.0,0.0,71.96,30
217,86.0,60.0,0.0,71.96,23
218,72.0,60.0,0.0,71.96,19
219,82.0,62.0,0.0,71.96,15
220,72.0,61.0,0.76,71.96,15
221,66.0,54.0,0.56,71.06,17
222,77.0,53.0,0.0,71.06,13
224,94.0,63.0,0.0,71.06,8
225,98.0,63.0,0.0,71.06,6
226,91.0,67.0,0.0,71.96,1
227,95.0,64.0,0.0,71.96,7
228,88.0,62.0,0.0,73.04,4
229,86.0,59.0,0.0,73.04,4
230,85.0,59.0,0.0,71.96,5
231,89.0,59.0,0.0,71.96,3
234,82.0,57.0,0.0,71.96,2
236,65.0,55.0,0.37,71.96,4
237,74.0,55.0,0.0,71.06,1
239,84.0,55.0,0.0,71.06,5
240,91.0,57.0,0.0,71.06,13
241,83.0,56.0,0.0,71.96,10
242,79.0,54.0,0.0,71.06,1
243,88.0,55.0,0.0,71.06,1
147,78.0,54.0,0.03,58.46,1
148,71.0,55.0,0.45,58.1,1
150,72.0,52.0,0.14,58.46,2
151,70.0,56.0,0.62,58.64,3
152,67.0,53.0,0.14,58.64,3
153,67.0,52.0,0.17,58.82,2
154,69.0,53.0,0.09,59.0,5
155,62.0,54.0,0.07,59.18,16
156,71.0,54.0,0.57,59.18,29
157,67.0,56.0,0.19,59.36,29
158,63.0,53.0,0.04,59.36,61
159,65.0,54.0,0.03,59.54,77
160,67.0,54.0,0.0,59.72,135
161,64.0,53.0,0.24,59.9,174
162,63.0,48.0,0.25,60.08,314
163,59.0,43.0,0.72,60.26,522
164,70.0,51.0,0.0,60.62,767
165,79.0,52.0,0.02,60.98,1254
166,72.0,57.0,0.18,61.34,1710
167,64.0,55.0,0.1,61.52,1720
168,71.0,56.0,0.0,61.88,2052
169,77.0,57.0,0.0,62.42,2380
170,81.0,57.0,0.0,62.96,2582
171,74.0,53.0,0.0,63.32,2597
172,77.0,54.0,0.0,62.96,2299
173,59.0,49.0,0.6,62.24,2917
174,58.0,49.0,0.57,62.42,3233
175,69.0,49.0,0.01,62.96,3090
176,78.0,50.0,0.0,63.68,3072
177,84.0,59.0,0.0,64.4,3914
178,76.0,55.0,0.0,64.4,4248
179,69.0,55.0,0.0,63.86,4553
180,66.0,55.0,0.0,63.5,3180
181,71.0,55.0,0.0,63.32,2732
182,76.0,56.0,0.0,63.68,2503
183,73.0,57.0,0.01,63.86,2234
184,71.0,58.0,0.0,63.86,2438
185,69.0,56.0,0.0,64.04,1944
186,72.0,57.0,0.0,64.04,2081
187,70.0,57.0,0.0,64.22,2113
188,69.0,54.0,0.0,64.58,1951
189,74.0,55.0,0.0,65.3,2524
190,79.0,57.0,0.0,65.3,2332
191,68.0,57.0,0.0,65.3,2085
192,72.0,57.0,0.0,65.12,1650
193,66.0,55.0,0.02,64.76,1093
194,67.0,56.0,0.0,64.94,922
195,66.0,57.0,0.1,64.94,1027
196,69.0,57.0,0.01,65.12,850
197,68.0,56.0,0.14,65.3,647
198,69.0,56.0,0.13,65.66,382
199,70.0,53.0,0.01,66.02,278
200,78.0,53.0,0.0,66.02,260
201,65.0,58.0,0.32,65.84,251
202,66.0,56.0,0.11,66.02,190
203,70.0,57.0,0.35,66.2,112
204,71.0,58.0,0.27,66.38,106
205,69.0,58.0,0.01,66.38,74
206,64.0,48.0,0.0,66.38,76
207,71.0,58.0,0.0,66.38,59
208,73.0,58.0,0.0,66.92,48
209,81.0,59.0,0.0,67.1,64
210,67.0,56.0,0.4,66.92,52
211,70.0,54.0,0.15,67.1,15
212,76.0,54.0,0.0,67.46,16
213,83.0,55.0,0.0,68.0,32
214,84.0,55.0,0.0,68.54,18
215,94.0,54.0,0.0,69.26,11
216,96.0,54.0,0.0,69.8,17
217,97.0,66.0,0.0,70.34,11
218,86.0,63.0,0.0,70.52,8
219,75.0,60.0,0.0,70.52,13
221,71.0,61.0,0.0,69.8,5
222,71.0,58.0,0.0,69.62,2
223,77.0,58.0,0.0,69.44,2
224,77.0,58.0,0.0,69.44,2
226,69.0,60.0,0.0,68.9,1
231,88.0,60.0,0.0,69.98,1
232,81.0,66.0,0.01,69.98,1
234,74.0,56.0,0.0,69.8,1
140,62.0,52.0,0.03,63.86,1
142,71.0,53.0,0.0,65.3,1
153,67.0,51.0,0.0,51.98,3
155,71.0,52.0,0.11,62.06,2
156,61.0,52.0,0.09,60.98,8
157,64.0,50.0,0.35,60.98,7
158,60.0,48.0,0.34,60.08,20
159,63.0,47.0,0.27,60.98,17
161,75.0,53.0,0.0,62.06,19
162,80.0,51.0,0.0,60.98,31
163,76.0,59.0,0.0,60.98,31
164,72.0,54.0,0.08,62.06,75
165,57.0,48.0,0.87,60.98,109
166,63.0,47.0,0.39,61.52,183
167,65.0,49.0,0.4,62.42,221
168,70.0,50.0,0.0,62.96,290
169,68.0,52.0,0.17,63.68,284
170,68.0,49.0,0.04,63.14,480
172,79.0,59.0,0.0,66.92,666
173,77.0,56.0,0.0,65.66,869
175,68.0,54.0,0.0,66.56,1014
176,74.0,54.0,0.0,65.66,1034
177,70.0,55.0,0.03,64.04,693
178,69.0,52.0,0.0,64.58,401
179,86.0,53.0,0.0,64.76,490
180,81.0,52.0,0.0,62.96,373
181,73.0,57.0,0.0,64.04,400
182,75.0,58.0,0.0,63.5,344
183,65.0,54.0,0.2,63.5,342
184,68.0,54.0,0.0,63.32,391
185,71.0,55.0,0.0,63.32,330
186,65.0,53.0,0.02,64.22,323
187,64.0,54.0,0.01,64.94,194
188,75.0,56.0,0.0,64.04,234
189,87.0,57.0,0.0,64.76,165
190,88.0,57.0,0.0,65.84,126
191,81.0,55.0,0.0,66.2,161
192,81.0,56.0,0.0,66.92,89
193,84.0,58.0,0.0,68.36,71
194,81.0,57.0,0.0,70.16,76
195,81.0,57.0,0.0,69.26,57
196,76.0,59.0,0.0,68.0,46
197,77.0,60.0,0.0,72.68,29
198,86.0,62.0,0.0,74.3,30
199,84.0,61.0,0.0,74.12,22
200,82.0,61.0,0.0,71.6,31
201,94.0,62.0,0.0,71.78,25
202,101.0,65.0,0.0,69.62,12
203,96.0,67.0,0.0,70.7,8
204,92.0,69.0,0.0,73.04,6
205,89.0,69.0,0.0,74.66,8
206,74.0,63.0,0.0,71.96,7
207,81.0,61.0,0.0,71.96,5
209,89.0,61.0,0.0,73.94,2
210,82.0,61.0,0.0,71.96,7
211,77.0,58.0,0.0,74.66,8
212,78.0,57.0,0.0,71.78,3
213,84.0,57.0,0.0,73.76,4
214,85.0,61.0,0.0,72.68,1
215,85.0,62.0,0.0,76.46,1
216,82.0,62.0,0.0,69.44,1
218,76.0,57.0,0.0,68.54,1
221,70.0,58.0,0.04,65.48,1
222,82.0,60.0,0.0,73.04,1
151,77.0,53.0,0.0,60.8,1
152,75.0,53.0,0.0,60.98,1
154,72.0,54.0,0.0,61.7,10
155,74.0,54.0,0.0,61.52,7
156,68.0,49.0,0.72,61.52,4
157,57.0,46.0,1.13,62.06,17
158,55.0,48.0,0.28,60.98,18
159,71.0,50.0,0.0,60.98,13
160,79.0,50.0,0.0,60.98,23
161,79.0,50.0,0.0,62.06,61
162,66.0,47.0,0.2,62.06,66
163,70.0,47.0,0.0,60.98,100
164,70.0,53.0,0.02,62.06,103
165,61.0,54.0,0.16,62.06,131
166,63.0,53.0,0.36,62.06,96
167,63.0,53.0,0.16,62.06,102
168,62.0,54.0,0.01,62.06,142
169,66.0,50.0,0.31,62.06,246
170,62.0,50.0,0.38,62.96,211
171,63.0,51.0,0.13,62.96,254
172,59.0,53.0,0.05,62.06,309
173,63.0,54.0,0.0,62.96,337
174,72.0,54.0,0.0,62.06,320
175,81.0,55.0,0.0,62.06,417
176,80.0,57.0,0.0,62.06,554
177,80.0,57.0,0.0,62.96,505
178,80.0,57.0,0.0,62.96,540
179,82.0,58.0,0.0,64.04,471
181,90.0,65.0,0.0,64.94,342
182,94.0,64.0,0.0,64.94,350
183,85.0,63.0,0.0,64.94,312
184,67.0,58.0,0.09,64.94,314
185,72.0,58.0,0.03,66.02,223
186,78.0,60.0,0.0,66.02,182
187,76.0,57.0,0.0,66.92,186
188,69.0,58.0,0.15,66.92,188
189,74.0,59.0,0.04,66.02,162
191,68.0,57.0,0.4,68.0,126
192,74.0,56.0,0.0,68.0,-1
193,76.0,56.0,0.0,68.0,18
194,76.0,58.0,0.0,69.08,173
195,73.0,57.0,0.0,68.0,79
196,74.0,57.0,0.0,66.92,75
197,82.0,59.0,0.0,68.0,49
198,93.0,60.0,0.0,69.08,58
199,96.0,64.0,0.0,69.08,60
200,91.0,64.0,0.0,69.08,36
201,79.0,69.0,0.0,69.98,44
202,85.0,63.0,0.0,71.06,39
203,78.0,62.0,0.02,69.62,19
204,74.0,63.0,0.0,69.44,13
205,74.0,64.0,0.0,69.44,18
206,78.0,59.0,0.0,69.62,20
207,82.0,60.0,0.0,69.44,9
208,73.0,58.0,0.06,69.98,9
209,84.0,59.0,0.0,70.7,10
210,81.0,55.0,0.0,70.16,10
211,74.0,53.0,0.0,70.16,8
212,82.0,53.0,0.0,70.52,2
213,91.0,53.0,0.0,70.7,14
214,85.0,54.0,0.0,71.24,4
215,79.0,61.0,0.0,72.5,9
216,84.0,63.0,0.0,72.5,1
217,87.0,63.0,0.0,72.14,1
218,82.0,62.0,0.0,71.6,9
219,74.0,56.0,0.37,70.88,4
220,66.0,57.0,0.26,70.7,1
221,74.0,54.0,0.0,71.6,2
223,65.0,58.0,0.44,71.06,1
224,75.0,58.0,0.0,72.32,1
227,80.0,55.0,0.03,69.44,2
228,71.0,57.0,0.0,68.54,1
235,85.0,56.0,0.0,68.54,1
236,71.0,54.0,0.0,68.18,1
237,73.0,52.0,0.0,67.82,1
239,74.0,54.0,0.0,67.46,1
240,79.0,56.0,0.0,67.82,1
242,72.0,55.0,0.09,68.0,1
152,64.0,45.0,0.0,55.22,2
153,71.0,47.0,0.0,55.76,12
154,81.0,56.0,0.0,56.3,8
155,86.0,57.0,0.0,56.66,14
156,80.0,57.0,0.0,56.84,28
157,69.0,53.0,0.0,57.2,36
158,75.0,53.0,0.0,57.92,66
159,84.0,56.0,0.0,58.64,52
160,72.0,52.0,0.0,58.82,88
161,70.0,52.0,0.0,58.82,112
162,68.0,49.0,0.0,59.18,128
163,72.0,52.0,0.0,59.36,258
164,71.0,47.0,0.0,59.9,252
165,76.0,49.0,0.0,60.08,340
166,71.0,46.0,0.0,59.9,310
167,72.0,49.0,0.0,59.9,346
168,72.0,48.0,0.09,59.72,544
169,65.0,50.0,0.2,59.36,646
170,58.0,47.0,0.9,59.36,924
171,66.0,46.0,0.0,59.72,996
172,78.0,48.0,0.0,59.9,1296
173,78.0,48.0,0.0,59.72,1740
174,65.0,48.0,0.0,59.72,1484
175,68.0,48.0,0.22,59.72,1528
176,65.0,54.0,0.5,59.9,1736
177,64.0,51.0,0.31,60.62,1790
178,73.0,51.0,0.0,60.98,1832
179,77.0,54.0,0.02,61.16,1796
181,69.0,48.0,0.05,61.52,1300
182,76.0,50.0,0.0,61.88,1036
183,80.0,54.0,0.0,62.6,740
184,82.0,60.0,0.0,63.5,696
185,82.0,58.0,0.0,63.5,726
186,79.0,57.0,0.05,63.5,616
187,69.0,50.0,0.0,64.04,492
188,74.0,50.0,0.0,63.86,560
189,87.0,55.0,0.0,64.76,690
190,92.0,56.0,0.0,65.66,556
191,84.0,56.0,0.0,65.48,424
192,72.0,55.0,0.0,65.3,420
193,79.0,55.0,0.0,66.02,424
194,92.0,58.0,0.0,66.92,266
195,93.0,58.0,0.0,66.92,188
196,99.0,58.0,0.0,67.46,148
197,97.0,67.0,0.0,67.82,96
198,85.0,58.0,0.0,67.64,104
199,75.0,57.0,0.0,66.38,90
200,60.0,53.0,0.09,66.02,92
201,67.0,53.0,0.37,66.2,62
202,73.0,53.0,0.0,66.56,48
203,75.0,53.0,0.0,66.92,40
204,80.0,59.0,0.0,67.64,48
205,93.0,63.0,0.0,68.0,40
206,98.0,65.0,0.0,68.54,36
207,90.0,62.0,0.0,68.72,24
208,90.0,64.0,0.0,69.08,24
209,91.0,64.0,0.0,69.26,22
210,89.0,62.0,0.0,69.08,12
211,76.0,61.0,0.01,69.26,12
212,88.0,61.0,0.0,69.26,4
213,80.0,55.0,0.0,68.9,8
215,77.0,54.0,0.16,68.72,4
216,70.0,53.0,0.15,68.36,6
217,70.0,54.0,0.01,68.0,4
218,68.0,55.0,0.13,67.64,2
220,77.0,52.0,0.0,68.72,4
221,92.0,52.0,0.0,69.26,4
225,74.0,54.0,0.0,69.26,2
131,84.0,48.0,0.0,53.6,1
132,86.0,57.0,0.0,53.6,2
149,71.0,57.0,0.4,56.48,1
150,78.0,58.0,0.08,56.48,4
151,76.0,60.0,0.1,56.84,1
152,65.0,54.0,0.82,57.2,7
153,66.0,50.0,0.02,57.38,3
154,77.0,52.0,0.2,57.74,9
155,68.0,54.0,0.48,57.92,6
156,67.0,52.0,0.12,58.28,6
157,70.0,47.0,0.0,58.46,10
158,75.0,47.0,0.0,58.46,23
159,68.0,50.0,0.0,58.46,35
160,73.0,49.0,0.0,58.82,47
161,79.0,49.0,0.0,59.0,46
162,80.0,54.0,0.0,59.0,91
163,71.0,54.0,0.05,58.64,169
164,69.0,54.0,0.02,58.46,210
165,71.0,56.0,0.0,58.82,188
166,74.0,57.0,0.0,59.36,415
167,79.0,59.0,0.0,59.9,494
168,82.0,59.0,0.0,60.08,794
169,74.0,57.0,0.03,60.62,1028
170,71.0,51.0,0.05,60.44,1110
171,70.0,47.0,0.0,60.26,1119
172,75.0,50.0,0.01,60.08,1189
173,61.0,51.0,1.58,60.08,1418
174,64.0,52.0,0.16,60.26,1552
175,68.0,50.0,0.05,60.98,1280
176,73.0,50.0,0.0,61.52,1465
177,75.0,53.0,0.0,61.88,1480
178,74.0,53.0,0.0,61.34,1732
179,75.0,53.0,0.0,60.62,1921
180,71.0,53.0,0.13,60.98,2475
181,75.0,55.0,0.0,61.34,2805
182,70.0,55.0,0.86,61.7,2116
183,72.0,49.0,0.02,62.42,1962
184,76.0,52.0,0.0,62.96,1876
185,91.0,56.0,0.0,63.68,2072
186,98.0,64.0,0.0,64.04,2044
187,78.0,62.0,0.02,64.58,1332
188,79.0,59.0,0.02,65.12,1176
189,78.0,57.0,0.0,65.48,1279
190,78.0,63.0,0.98,65.66,1016
191,68.0,55.0,0.2,65.84,756
193,75.0,58.0,0.0,66.2,410
196,79.0,58.0,0.0,67.28,547
198,77.0,58.0,0.0,66.56,551
199,76.0,56.0,0.0,66.02,567
201,86.0,60.0,0.0,67.28,553
202,72.0,61.0,0.0,67.28,329
203,79.0,59.0,0.0,67.46,378
204,82.0,59.0,0.0,67.64,341
205,80.0,57.0,0.0,68.0,349
206,80.0,57.0,0.0,68.18,324
207,79.0,57.0,0.0,68.36,235
208,81.0,55.0,0.0,68.9,166
210,84.0,61.0,0.0,69.8,136
211,83.0,60.0,0.0,69.62,86
212,80.0,58.0,0.0,69.62,76
213,82.0,59.0,0.0,69.62,80
215,84.0,59.0,0.0,70.16,58
217,87.0,64.0,0.0,71.06,33
218,87.0,64.0,0.0,71.42,24
219,86.0,64.0,0.0,71.42,28
220,83.0,60.0,0.0,71.42,7
222,90.0,64.0,0.0,71.78,3
223,88.0,58.0,0.0,72.32,9
224,90.0,55.0,0.0,72.68,10
225,88.0,64.0,0.0,73.04,10
226,88.0,63.0,0.0,73.04,2
227,70.0,57.0,0.0,72.32,2
228,70.0,57.0,0.0,72.14,4
229,92.0,60.0,0.0,72.5,3
230,82.0,59.0,0.0,72.32,1
232,86.0,55.0,0.0,72.14,2
234,83.0,58.0,0.0,72.14,3
236,81.0,59.0,0.76,72.14,4
237,76.0,59.0,0.04,72.32,2
239,80.0,57.0,0.31,72.32,-1
244,79.0,58.0,0.0,71.6,1
151,62.0,47.0,0.04,56.84,1
153,73.0,53.0,0.0,56.84,6
154,69.0,53.0,0.0,57.2,3
156,66.0,55.0,0.0,57.92,3
157,70.0,50.0,0.0,58.64,3
158,82.0,52.0,0.0,59.18,20
159,78.0,55.0,0.0,59.54,11
160,69.0,57.0,0.0,59.9,12
161,76.0,56.0,0.21,60.44,24
162,63.0,54.0,0.23,60.98,19
163,67.0,54.0,0.0,61.7,35
164,73.0,56.0,0.0,62.24,56
165,71.0,55.0,0.0,62.24,75
166,58.0,55.0,0.18,62.06,90
167,65.0,49.0,0.19,61.88,245
169,73.0,54.0,0.0,62.06,341
170,61.0,53.0,0.06,61.7,420
171,69.0,49.0,0.0,62.24,513
172,82.0,52.0,0.0,62.96,541
173,86.0,57.0,0.92,63.5,529
174,69.0,57.0,0.0,63.86,606
175,68.0,56.0,0.0,63.86,659
176,64.0,53.0,0.5,63.5,369
177,62.0,53.0,0.78,63.32,498
178,67.0,49.0,0.14,63.68,547
179,75.0,49.0,0.0,64.22,480
180,81.0,55.0,0.0,64.76,808
181,81.0,56.0,0.12,65.12,478
182,68.0,58.0,0.03,64.94,491
183,66.0,57.0,0.0,64.4,338
184,70.0,58.0,0.0,64.04,275
185,65.0,58.0,0.0,64.22,384
186,66.0,58.0,0.0,64.58,520
187,60.0,57.0,0.0,65.3,380
188,65.0,59.0,0.0,66.2,303
189,63.0,61.0,0.0,66.74,207
190,70.0,61.0,0.0,67.28,224
191,83.0,61.0,0.02,67.28,250
192,74.0,58.0,0.0,67.28,262
193,75.0,59.0,0.0,67.46,239
194,74.0,60.0,0.0,67.82,247
195,79.0,60.0,0.0,68.36,198
196,79.0,62.0,0.0,68.72,195
197,80.0,61.0,0.0,69.44,163
198,92.0,62.0,0.0,69.8,102
199,89.0,63.0,0.0,69.8,92
200,81.0,61.0,0.0,69.8,85
201,78.0,58.0,0.0,69.98,68
202,80.0,58.0,0.0,70.52,42
203,87.0,59.0,0.0,71.24,65
204,89.0,46.0,0.0,71.78,48
206,77.0,59.0,0.0,71.6,48
207,83.0,61.0,0.0,71.96,39
208,93.0,63.0,0.0,72.5,43
209,93.0,64.0,0.0,72.86,35
210,97.0,65.0,0.0,73.22,19
211,77.0,61.0,0.0,72.5,14
212,73.0,59.0,0.05,72.5,9
213,65.0,60.0,0.0,71.78,24
214,72.0,54.0,0.0,71.78,9
215,83.0,53.0,0.0,72.14,8
216,82.0,58.0,0.0,72.68,10
218,82.0,63.0,0.0,73.04,2
219,78.0,59.0,0.0,72.14,7
220,76.0,55.0,0.0,71.78,1
221,83.0,54.0,0.0,71.78,8
222,81.0,60.0,0.0,71.78,4
223,74.0,59.0,0.0,72.32,5
224,85.0,64.0,0.0,73.04,1
226,73.0,62.0,0.0,73.76,1
227,88.0,63.0,0.0,73.4,1
230,73.0,53.0,0.0,71.6,1
231,75.0,53.0,0.0,71.24,1
235,80.0,57.0,0.0,71.06,2
238,76.0,54.0,0.0,70.34,1
243,84.0,57.0,0.0,71.06,2
152,65.0,52.0,0.44,58.64,1
153,58.0,43.0,0.09,58.46,1
155,69.0,50.0,0.0,57.92,6
156,61.0,50.0,0.46,57.74,10
157,60.0,44.0,0.46,57.2,3
158,60.0,45.0,0.09,56.66,8
159,60.0,44.0,0.24,56.3,25
160,63.0,46.0,0.04,56.48,25
161,69.0,44.0,0.07,56.84,54
162,74.0,47.0,0.0,57.2,66
163,89.0,55.0,0.0,57.56,127
164,86.0,61.0,0.0,57.92,175
165,83.0,59.0,0.0,58.64,141
166,85.0,59.0,0.0,58.82,218
167,69.0,59.0,0.0,59.36,211
168,74.0,54.0,0.0,59.72,192
169,72.0,55.0,0.0,60.26,189
170,72.0,53.0,0.0,60.8,224
171,71.0,53.0,0.13,60.98,288
172,71.0,53.0,0.13,61.16,434
173,68.0,55.0,0.06,61.34,549
174,68.0,56.0,0.0,61.88,569
175,83.0,58.0,0.23,62.24,585
176,62.0,51.0,1.08,61.88,622
177,62.0,50.0,0.11,61.52,580
178,63.0,51.0,0.0,61.7,781
179,68.0,49.0,0.0,61.34,808
180,70.0,51.0,0.0,61.34,837
181,79.0,58.0,0.0,61.52,698
182,74.0,55.0,0.01,61.52,756
183,67.0,50.0,0.03,61.34,861
184,63.0,48.0,0.28,61.16,755
185,68.0,49.0,0.35,61.34,905
186,70.0,49.0,0.06,60.62,691
187,70.0,48.0,0.06,62.24,683
188,84.0,49.0,0.0,62.24,684
190,86.0,51.0,0.0,62.24,436
192,86.0,57.0,0.0,63.5,360
193,86.0,60.0,0.0,63.86,250
194,83.0,59.0,0.0,64.22,256
195,80.0,56.0,0.0,64.04,256
196,70.0,55.0,0.0,64.22,238
197,77.0,57.0,0.0,64.76,169
198,68.0,56.0,0.0,64.94,150
199,65.0,51.0,0.05,64.94,102
200,80.0,52.0,0.0,65.48,140
201,95.0,55.0,0.0,66.02,112
202,80.0,58.0,0.0,66.2,129
203,76.0,55.0,0.0,66.38,86
204,83.0,55.0,0.0,66.38,71
205,84.0,57.0,0.0,66.02,66
206,68.0,57.0,0.0,65.84,44
207,75.0,52.0,0.0,66.2,31
208,84.0,52.0,0.0,66.74,48
209,88.0,59.0,0.0,67.46,16
210,88.0,59.0,0.0,67.64,22
211,79.0,59.0,0.0,67.46,17
212,80.0,58.0,0.0,67.46,8
213,83.0,59.0,0.0,67.64,18
214,72.0,56.0,0.0,68.0,6
215,85.0,56.0,0.0,68.36,4
216,85.0,62.0,0.0,68.72,5
217,83.0,62.0,0.12,69.44,1
218,73.0,62.0,0.0,69.44,6
219,71.0,62.0,0.11,69.62,2
220,71.0,60.0,0.08,68.0,1
222,86.0,56.0,0.0,70.16,1
226,71.0,56.0,0.21,68.72,1
229,81.0,57.0,0.0,68.9,4
230,88.0,59.0,0.0,69.08,1
231,71.0,61.0,0.0,68.72,1
233,82.0,56.0,0.0,68.54,1
234,79.0,54.0,0.06,68.36,1
235,93.0,53.0,0.0,68.54,1
236,94.0,64.0,0.0,68.9,1
239,84.0,57.0,0.0,69.62,1
241,84.0,65.0,0.0,69.62,1
144,74.0,50.0,0.05,57.74,1
146,73.0,49.0,0.0,57.38,6
147,65.0,49.0,0.15,58.46,2
148,72.0,52.0,0.15,58.64,6
149,67.0,52.0,0.4,58.82,14
150,65.0,50.0,0.34,59.0,25
151,65.0,48.0,0.0,59.0,39
152,60.0,48.0,0.08,58.46,47
153,59.0,44.0,0.0,58.46,66
154,79.0,47.0,0.0,59.18,70
155,76.0,45.0,0.0,59.36,129
156,87.0,50.0,0.0,59.72,240
157,92.0,58.0,0.0,60.08,432
158,72.0,55.0,0.0,59.9,502
159,72.0,55.0,0.11,59.9,526
160,67.0,55.0,0.12,59.72,606
161,65.0,50.0,0.14,59.72,641
162,62.0,47.0,0.37,59.72,682
163,59.0,48.0,0.33,59.72,1066
164,59.0,49.0,2.0,59.72,1251
165,65.0,56.0,0.42,60.08,1646
166,77.0,53.0,0.0,60.98,2032
167,80.0,53.0,0.0,61.52,2016
168,73.0,47.0,0.0,61.52,2256
169,88.0,50.0,0.0,61.7,2987
170,87.0,53.0,0.0,61.88,3934
172,72.0,53.0,0.0,61.7,7587
173,79.0,53.0,0.0,62.06,8450
174,79.0,53.0,0.0,62.42,8867
175,79.0,51.0,0.0,62.6,5612
176,74.0,51.0,0.0,62.96,4590
177,76.0,51.0,0.0,63.68,3933
178,89.0,54.0,0.0,64.58,4031
179,98.0,57.0,0.0,65.3,3276
180,99.0,57.0,0.0,66.2,2803
181,94.0,59.0,0.0,66.74,2799
182,86.0,56.0,0.0,66.38,2272
183,76.0,55.0,0.0,65.84,2220
184,69.0,52.0,0.0,65.3,1491
185,68.0,54.0,0.0,64.76,1241
186,66.0,53.0,0.05,64.76,1015
187,67.0,50.0,0.01,64.94,943
188,75.0,50.0,0.0,65.3,727
189,78.0,51.0,0.0,66.02,787
190,82.0,51.0,0.0,66.2,712
191,70.0,59.0,0.0,66.02,644
192,74.0,56.0,0.0,66.02,493
193,75.0,57.0,0.0,66.02,387
194,73.0,53.0,0.0,66.2,349
195,80.0,54.0,0.0,66.74,293
196,78.0,57.0,0.0,66.92,284
197,75.0,48.0,0.0,66.74,272
198,87.0,51.0,0.0,66.74,202
199,92.0,52.0,0.0,67.1,168
200,82.0,59.0,0.0,67.28,150
201,72.0,58.0,0.0,67.46,115
202,78.0,57.0,0.0,67.82,76
203,84.0,59.0,0.0,68.0,96
204,86.0,59.0,0.0,69.98,83
205,70.0,60.0,0.0,68.0,66
207,85.0,55.0,0.0,45.68,47
208,77.0,60.0,0.0,66.02,55
209,77.0,57.0,0.0,69.08,33
210,85.0,57.0,0.0,69.26,29
211,82.0,59.0,0.0,69.8,18
212,89.0,57.0,0.0,70.34,14
213,89.0,61.0,0.0,70.88,29
215,81.0,59.0,0.0,70.52,12
216,82.0,58.0,0.0,70.34,8
218,87.0,60.0,0.0,71.06,5
219,81.0,60.0,0.0,71.42,5
220,87.0,60.0,0.0,71.42,6
221,81.0,60.0,0.0,71.24,4
223,85.0,59.0,0.0,71.06,4
224,72.0,56.0,0.0,70.52,3
225,75.0,53.0,0.0,70.16,3
226,78.0,53.0,0.0,69.8,1
228,75.0,54.0,0.0,69.26,1
229,76.0,54.0,0.0,69.08,1
239,79.0,60.0,0.0,68.9,1
145,78.0,54.0,0.0,61.16,1
147,83.0,55.0,0.0,61.34,2
148,70.0,55.0,0.0,60.62,3
149,59.0,40.0,0.42,60.26,4
150,68.0,41.0,0.0,60.44,8
151,78.0,44.0,0.0,60.8,14
152,93.0,55.0,0.0,61.52,28
153,63.0,47.0,0.27,61.52,68
154,60.0,46.0,0.97,61.34,96
155,65.0,45.0,0.1,61.34,115
156,66.0,45.0,0.1,61.16,147
157,62.0,48.0,0.12,60.8,201
158,73.0,49.0,0.0,61.52,357
159,80.0,49.0,0.06,62.24,506
160,80.0,55.0,0.37,62.78,641
161,69.0,48.0,0.17,62.6,1005
162,71.0,49.0,0.1,62.42,1505
164,60.0,46.0,0.15,60.44,1449
165,71.0,48.0,0.0,60.8,1697
166,70.0,52.0,0.0,60.98,2918
167,69.0,50.0,0.0,61.52,4929
168,70.0,49.0,0.0,61.7,5510
169,69.0,47.0,0.0,61.52,7359
170,75.0,47.0,0.0,62.06,8886
171,88.0,52.0,0.0,62.6,10232
173,84.0,58.0,0.0,63.68,8121
174,71.0,53.0,0.0,63.68,6466
175,70.0,53.0,0.0,63.5,5010
176,60.0,45.0,0.82,63.14,4599
177,75.0,45.0,0.0,63.32,3913
178,74.0,56.0,0.37,63.5,4081
179,69.0,56.0,0.87,63.68,3650
180,71.0,49.0,0.3,64.04,2232
181,76.0,51.0,0.0,64.58,2201
182,74.0,54.0,0.0,64.76,2596
183,78.0,51.0,0.0,64.94,2446
184,84.0,52.0,0.0,65.48,2134
185,88.0,54.0,0.0,66.02,1169
186,82.0,55.0,0.0,65.84,1173
187,74.0,55.0,0.0,65.48,1198
188,76.0,54.0,0.0,65.48,968
189,81.0,54.0,0.0,65.84,611
190,87.0,56.0,0.0,66.56,576
191,89.0,57.0,0.0,67.1,499
192,85.0,58.0,0.0,67.28,494
193,82.0,57.0,0.0,67.64,443
194,85.0,56.0,0.0,68.0,439
195,79.0,54.0,0.0,67.82,315
196,75.0,55.0,0.0,67.28,263
197,66.0,55.0,0.01,66.38,214
198,69.0,54.0,0.08,66.2,206
199,67.0,54.0,0.07,66.38,180
200,70.0,53.0,0.0,66.74,145
201,78.0,54.0,0.0,66.74,180
202,65.0,58.0,0.03,66.56,194
203,73.0,57.0,0.0,66.74,120
204,78.0,57.0,0.0,67.28,142
205,81.0,59.0,0.0,68.0,59
206,78.0,58.0,0.0,68.54,56
207,81.0,55.0,0.0,68.72,53
208,80.0,55.0,0.0,68.72,19
209,77.0,56.0,0.12,68.72,36
211,69.0,51.0,0.59,68.18,11
213,73.0,50.0,0.0,68.18,15
214,80.0,51.0,0.0,68.36,9
215,82.0,62.0,0.0,68.54,14
216,76.0,60.0,0.0,68.36,5
218,82.0,54.0,0.0,69.08,6
219,87.0,57.0,0.0,69.8,7
220,83.0,55.0,0.0,70.34,4
221,96.0,55.0,0.0,70.52,1
222,101.0,59.0,0.0,71.06,5
224,87.0,57.0,0.0,71.24,1
225,90.0,58.0,0.0,71.24,2
227,71.0,60.0,0.0,71.42,2
228,79.0,59.0,0.0,71.06,1
232,78.0,53.0,0.0,70.34,1
233,78.0,55.0,0.0,69.98,2
237,79.0,53.0,0.0,70.52,2
238,90.0,52.0,0.0,70.88,2
254,81.0,52.0,0.0,66.38,1
135,65.0,44.0,0.0,52.16,1
145,74.0,43.0,0.0,56.3,1
151,74.0,51.0,0.0,57.74,1
155,73.0,52.0,0.0,58.82,1
156,72.0,41.0,0.07,58.82,6
157,75.0,50.0,0.12,58.28,7
158,66.0,49.0,0.0,57.74,12
159,61.0,45.0,0.06,57.74,15
160,66.0,48.0,0.02,58.1,30
161,71.0,52.0,0.27,58.28,62
162,73.0,47.0,0.0,58.64,114
163,85.0,48.0,0.0,58.64,231
164,92.0,57.0,0.0,58.82,326
165,97.0,58.0,0.0,59.0,451
166,76.0,56.0,0.0,59.36,510
167,72.0,56.0,0.0,59.36,550
168,66.0,52.0,0.0,59.36,830
169,66.0,53.0,1.04,59.72,1090
170,61.0,46.0,0.15,60.08,888
171,72.0,46.0,0.0,60.44,1126
173,88.0,47.0,0.0,61.52,1533
174,71.0,59.0,0.0,61.7,1795
175,76.0,57.0,0.0,61.88,2424
176,79.0,54.0,0.0,61.88,3317
177,87.0,55.0,0.0,62.42,3904
178,88.0,60.0,0.0,62.6,3406
179,73.0,61.0,0.0,62.6,2921
180,67.0,57.0,2.0,62.6,2661
181,74.0,57.0,0.01,63.14,2210
182,73.0,56.0,0.0,63.68,1506
183,74.0,51.0,0.0,63.86,1512
184,77.0,50.0,0.0,63.86,2006
185,70.0,51.0,0.0,63.68,2497
186,72.0,47.0,0.0,63.5,1966
187,84.0,49.0,0.0,63.86,1602
188,84.0,50.0,0.0,64.04,996
189,74.0,56.0,0.17,64.04,754
190,78.0,56.0,0.0,64.04,492
191,94.0,57.0,0.0,64.22,759
192,103.0,63.0,0.0,64.76,594
193,87.0,61.0,0.0,65.48,645
194,87.0,61.0,0.0,65.84,620
195,83.0,58.0,0.0,65.66,323
196,70.0,54.0,0.0,65.84,262
197,82.0,54.0,0.0,66.2,213
198,84.0,59.0,0.0,66.74,223
199,81.0,60.0,0.0,67.46,164
200,79.0,60.0,0.0,67.82,119
201,77.0,58.0,0.0,67.82,74
202,88.0,56.0,0.0,68.18,45
203,95.0,57.0,0.0,68.72,57
204,97.0,62.0,0.0,69.08,43
205,88.0,64.0,0.0,69.44,25
206,85.0,62.0,0.0,69.62,41
207,78.0,63.0,0.0,69.26,23
208,79.0,57.0,0.0,68.72,31
209,74.0,57.0,0.0,68.36,36
210,79.0,58.0,0.0,68.72,36
211,83.0,60.0,0.0,69.26,28
212,78.0,51.0,0.0,69.26,24
213,77.0,50.0,0.0,69.26,14
214,82.0,52.0,0.0,69.08,8
215,76.0,48.0,0.0,68.9,5
216,77.0,49.0,0.0,68.54,1
217,73.0,52.0,0.01,68.18,6
218,75.0,52.0,0.0,68.36,3
219,75.0,52.0,0.0,68.18,9
220,78.0,52.0,0.0,68.36,2
221,82.0,52.0,0.0,68.72,6
222,87.0,53.0,0.0,69.08,3
223,78.0,54.0,0.0,69.26,5
224,82.0,56.0,0.0,69.26,3
225,97.0,56.0,0.0,69.26,3
226,103.0,61.0,0.0,69.44,1
227,93.0,60.0,0.0,69.62,5
228,88.0,57.0,0.0,69.62,7
232,77.0,58.0,0.0,68.9,1
237,80.0,55.0,0.0,69.26,1
239,75.0,56.0,0.0,69.26,1
242,82.0,58.0,0.0,69.44,1
247,74.0,48.0,0.0,68.72,1
255,83.0,54.0,0.0,66.56,1
258,80.0,54.0,0.0,68.18,1
147,72.0,50.0,0.01,56.3,1
150,79.0,52.0,0.0,57.74,1
152,71.0,55.0,0.0,58.28,3
153,74.0,51.0,0.0,58.46,10
154,73.0,51.0,0.0,58.64,7
155,81.0,50.0,0.0,59.0,18
156,70.0,54.0,0.0,59.9,24
157,96.0,60.0,0.0,60.62,69
158,99.0,59.0,0.0,60.8,65
159,90.0,57.0,0.0,60.98,117
160,77.0,57.0,0.0,60.8,168
161,64.0,56.0,0.0,60.8,212
162,68.0,56.0,0.0,60.98,192
163,72.0,54.0,0.0,61.34,225
164,69.0,55.0,0.0,61.52,336
165,68.0,52.0,0.16,61.52,395
166,73.0,51.0,0.0,61.88,408
167,77.0,50.0,0.0,62.24,553
168,84.0,50.0,0.0,62.96,842
169,87.0,55.0,0.01,63.14,930
170,68.0,53.0,0.0,62.78,909
171,64.0,53.0,0.0,62.06,900
172,63.0,52.0,0.05,61.7,1290
173,63.0,50.0,0.29,61.34,1530
174,65.0,51.0,0.01,61.52,1474
175,68.0,50.0,0.0,61.88,1986
176,74.0,50.0,0.0,62.42,2459
177,81.0,53.0,0.0,62.96,2591
178,87.0,55.0,0.0,63.5,3258
179,88.0,54.0,0.0,64.04,1867
180,100.0,50.0,0.0,64.22,1935
181,91.0,62.0,0.0,64.58,1659
182,77.0,57.0,0.0,64.58,1572
183,74.0,49.0,0.0,64.4,1400
184,78.0,50.0,0.0,64.4,1127
185,80.0,53.0,0.0,64.76,1048
186,81.0,56.0,0.0,65.12,1054
187,76.0,57.0,0.0,65.48,901
188,78.0,57.0,0.0,65.84,693
189,82.0,56.0,0.06,65.84,674
190,76.0,43.0,0.0,66.2,583
191,90.0,52.0,0.0,66.92,491
192,91.0,59.0,0.0,67.1,467
193,85.0,60.0,0.0,67.82,457
194,85.0,62.0,0.0,68.18,382
195,79.0,58.0,0.0,68.36,314
196,84.0,58.0,0.0,68.54,232
197,83.0,60.0,0.0,68.54,240
198,78.0,54.0,0.0,68.72,196
199,85.0,55.0,0.0,69.08,139
200,90.0,55.0,0.0,69.62,124
201,92.0,57.0,0.0,69.8,93
202,90.0,61.0,0.0,70.7,64
203,93.0,61.0,0.0,71.06,52
204,89.0,60.0,0.0,70.52,129
205,83.0,57.0,0.0,70.34,78
206,81.0,57.0,0.0,70.16,43
207,80.0,57.0,0.0,69.8,51
208,82.0,53.0,0.0,70.16,29
209,91.0,53.0,0.0,71.06,16
210,96.0,57.0,0.0,71.78,26
211,103.0,57.0,0.0,72.32,17
212,97.0,58.0,0.0,72.5,22
213,86.0,58.0,0.0,71.96,10
214,83.0,57.0,0.0,71.6,7
215,72.0,62.0,0.0,71.42,22
216,76.0,53.0,0.0,71.24,11
217,88.0,53.0,0.0,71.42,6
218,77.0,56.0,0.0,71.42,13
219,81.0,59.0,0.06,71.6,8
220,84.0,60.0,0.0,72.14,4
221,79.0,62.0,0.0,72.14,1
222,80.0,63.0,0.0,71.78,4
223,80.0,62.0,0.0,71.78,7
224,80.0,61.0,0.0,71.78,13
225,81.0,54.0,0.0,71.6,2
226,83.0,53.0,0.0,71.6,7
227,97.0,56.0,0.0,71.6,2
228,77.0,64.0,0.0,71.24,2
229,81.0,60.0,0.0,71.24,1
230,86.0,58.0,0.0,71.6,1
231,87.0,60.0,0.0,71.6,1
232,81.0,54.0,0.0,71.06,5
233,85.0,51.0,0.0,71.6,2
234,87.0,53.0,0.0,71.6,-1
235,73.0,55.0,0.0,70.52,2
236,77.0,50.0,0.0,70.7,1
238,88.0,53.0,0.0,70.88,1
239,74.0,61.0,0.0,70.7,1
240,76.0,51.0,0.0,70.7,1
241,90.0,51.0,0.0,70.88,1
243,92.0,56.0,0.0,70.88,4
249,91.0,57.0,0.0,71.24,2
250,80.0,57.0,0.0,70.88,1
254,66.0,57.0,0.17,68.72,1
143,62.0,51.0,0.02,57.2,1
144,60.0,51.0,0.84,57.38,1
145,66.0,46.0,0.04,58.1,6
146,79.0,50.0,0.0,58.28,5
147,78.0,53.0,0.48,58.46,4
148,64.0,56.0,0.25,58.64,9
149,60.0,50.0,1.28,58.1,15
150,58.0,48.0,0.55,57.74,21
151,58.0,49.0,0.29,58.1,25
152,66.0,51.0,0.13,58.1,47
153,67.0,45.0,0.0,58.46,96
154,75.0,49.0,0.0,58.82,159
155,77.0,49.0,0.0,59.36,214
156,82.0,54.0,0.0,59.72,421
157,84.0,57.0,0.05,59.9,472
158,67.0,52.0,0.69,59.54,599
159,61.0,50.0,0.92,59.36,822
160,67.0,51.0,0.81,59.54,708
161,64.0,53.0,0.18,59.72,1241
162,64.0,53.0,0.27,59.9,1353
163,63.0,52.0,0.05,59.54,1579
164,63.0,49.0,0.0,59.36,2199
165,70.0,52.0,0.04,59.18,1973
166,64.0,51.0,0.02,59.18,2519
167,68.0,47.0,0.0,59.36,2940
168,80.0,51.0,0.0,59.72,4247
169,88.0,56.0,0.0,60.44,5786
170,91.0,59.0,0.0,61.16,7108
171,87.0,54.0,0.0,61.7,7133
172,89.0,54.0,0.0,62.42,8008
173,89.0,56.0,0.0,63.14,7751
174,87.0,58.0,0.0,63.68,8000
175,70.0,60.0,0.0,63.86,7238
176,70.0,59.0,0.0,64.4,5498
177,74.0,61.0,0.0,64.58,4572
178,77.0,59.0,0.0,64.76,3264
179,79.0,60.0,0.0,64.94,3928
180,80.0,57.0,0.0,65.3,4338
181,83.0,58.0,0.0,65.84,3368
182,82.0,57.0,0.0,66.02,3168
183,82.0,56.0,0.0,66.56,3058
184,80.0,59.0,0.0,66.74,2174
185,75.0,54.0,0.0,67.1,2207
186,78.0,56.0,0.0,67.1,1690
187,78.0,56.0,0.0,66.92,1434
189,81.0,55.0,0.0,67.28,1499
190,71.0,58.0,0.0,67.28,1365
191,74.0,56.0,0.0,67.28,1320
192,75.0,57.0,0.0,67.28,1057
193,75.0,52.0,0.0,67.64,901
194,82.0,54.0,0.0,68.18,634
196,84.0,61.0,0.0,69.26,441
197,87.0,62.0,0.0,69.62,420
198,81.0,60.0,0.0,69.8,290
199,86.0,59.0,0.0,69.8,255
200,87.0,59.0,0.0,69.98,199
201,87.0,62.0,0.02,69.98,194
202,82.0,64.0,0.0,69.98,170
203,81.0,57.0,0.0,70.16,111
204,86.0,59.0,0.0,70.34,78
205,99.0,59.0,0.0,70.7,131
206,102.0,67.0,0.0,71.06,78
207,100.0,63.0,0.0,71.42,43
208,82.0,58.0,0.0,71.24,60
209,80.0,59.0,0.0,71.24,49
210,88.0,63.0,0.0,71.78,24
212,86.0,63.0,0.0,71.78,17
213,77.0,59.0,0.0,71.78,13
214,83.0,59.0,0.0,71.78,7
215,84.0,60.0,0.0,71.78,16
216,80.0,59.0,0.0,71.42,15
217,80.0,58.0,0.0,71.78,49
218,81.0,59.0,0.1,71.78,13
219,72.0,57.0,0.0,71.6,17
220,70.0,59.0,0.33,71.24,2
221,82.0,58.0,0.0,71.6,12
222,94.0,62.0,0.0,71.6,24
223,99.0,62.0,0.0,72.5,2
224,90.0,61.0,0.0,73.04,1
226,87.0,63.0,0.0,73.76,11
227,86.0,63.0,0.0,73.4,6
228,83.0,64.0,0.0,73.22,10
229,83.0,63.0,0.0,72.86,2
230,85.0,65.0,0.0,72.68,2
231,87.0,64.0,0.0,72.5,1
233,87.0,63.0,0.0,72.68,2
246,72.0,55.0,0.27,69.44,1
256,74.0,51.0,0.01,67.82,1
266,69.0,46.0,0.0,64.76,1
308,63.0,42.0,0.95,55.22,5
150,65.0,56.0,0.0,59.0,9
151,75.0,52.0,0.0,59.18,7
152,61.0,52.0,0.98,59.36,10
153,64.0,52.0,0.06,59.36,19
154,60.0,55.0,0.02,59.36,18
155,67.0,52.0,0.0,59.36,48
156,69.0,49.0,0.09,59.54,61
157,68.0,48.0,0.19,59.54,84
158,60.0,48.0,0.14,59.72,168
159,64.0,49.0,0.05,59.9,254
160,72.0,49.0,0.0,60.62,367
162,66.0,56.0,0.0,60.62,529
163,65.0,50.0,0.17,60.26,593
164,70.0,50.0,0.08,60.62,1058
165,71.0,54.0,0.04,60.8,1354
166,68.0,48.0,0.0,61.16,1729
167,77.0,48.0,0.02,61.52,1495
168,72.0,51.0,0.8,61.52,1852
169,70.0,53.0,0.09,62.06,1791
170,74.0,48.0,0.4,62.42,2475
171,87.0,50.0,0.0,63.14,2471
172,80.0,60.0,0.0,63.5,2507
173,74.0,59.0,0.0,63.5,3037
174,71.0,54.0,0.02,63.86,2858
175,75.0,54.0,0.0,63.68,2340
177,75.0,58.0,0.0,64.04,3307
178,71.0,56.0,0.16,64.04,3543
179,65.0,56.0,0.08,63.86,3136
180,69.0,59.0,0.0,64.22,4102
181,71.0,58.0,0.0,65.3,2333
182,83.0,58.0,0.0,66.02,3205
183,75.0,58.0,0.0,65.66,2933
184,72.0,53.0,0.0,65.48,2861
185,78.0,54.0,0.0,65.48,2498
186,84.0,57.0,0.0,66.02,2046
187,83.0,63.0,0.37,66.38,1920
188,75.0,59.0,0.09,66.56,1643
189,75.0,61.0,0.0,66.56,972
190,71.0,52.0,0.52,66.2,860
191,72.0,51.0,0.13,66.38,658
193,77.0,60.0,0.01,67.64,616
194,76.0,61.0,0.0,67.64,653
195,75.0,56.0,0.0,67.82,500
197,85.0,62.0,0.0,68.18,497
198,78.0,56.0,0.0,68.54,397
199,93.0,59.0,0.0,69.08,526
200,92.0,58.0,0.0,69.26,431
201,84.0,58.0,0.0,69.08,402
202,83.0,54.0,0.0,69.26,278
204,79.0,58.0,0.13,69.62,148
205,81.0,57.0,0.0,69.62,89
206,79.0,57.0,0.0,69.44,89
207,83.0,57.0,0.0,69.8,83
209,93.0,64.0,0.0,70.7,36
210,87.0,61.0,0.0,70.88,34
211,87.0,61.0,0.0,71.24,30
212,90.0,58.0,0.0,71.42,31
213,90.0,60.0,0.0,71.24,27
214,80.0,58.0,0.0,71.06,8
215,81.0,53.0,0.0,71.06,18
216,96.0,54.0,0.0,71.24,12
217,94.0,61.0,0.0,71.6,12
218,90.0,63.0,0.0,71.96,6
219,85.0,59.0,0.0,71.78,6
220,82.0,59.0,0.0,71.78,5
222,85.0,60.0,0.0,71.06,2
223,76.0,58.0,0.0,70.88,4
224,75.0,57.0,0.0,70.52,3
225,79.0,57.0,0.0,70.52,1
226,91.0,56.0,0.0,71.06,1
227,96.0,57.0,0.0,71.6,2
228,89.0,57.0,0.0,71.6,3
229,76.0,60.0,0.0,71.06,2
230,74.0,57.0,0.0,71.06,2
231,85.0,58.0,0.0,71.24,2
237,85.0,50.0,0.0,69.98,1
238,92.0,54.0,0.0,69.98,1
244,81.0,54.0,0.0,69.8,7
250,80.0,50.0,0.0,69.08,2
251,84.0,51.0,0.0,69.26,1
263,76.0,46.0,0.0,65.66,1
264,73.0,44.0,0.0,65.3,1
265,80.0,44.0,0.0,64.76,1
274,66.0,52.0,2.01,64.22,1
144,67.0,52.0,0.43,58.82,1
149,62.0,50.0,0.11,57.02,2
152,78.0,59.0,0.0,56.66,2
153,70.0,58.0,1.2,56.84,14
154,72.0,54.0,0.15,57.2,24
156,71.0,55.0,0.15,58.82,45
157,75.0,55.0,0.0,59.18,73
158,74.0,54.0,0.0,59.72,107
159,72.0,54.0,0.0,59.9,93
160,61.0,54.0,0.0,59.9,222
161,61.0,54.0,0.0,60.44,373
163,82.0,61.0,0.0,60.98,463
164,75.0,57.0,0.49,60.98,515
165,66.0,58.0,0.0,60.98,792
166,63.0,54.0,0.08,61.16,1046
167,69.0,55.0,0.05,61.34,1078
168,71.0,55.0,0.22,61.16,1152
169,72.0,52.0,0.0,61.16,1010
170,70.0,54.0,0.0,61.16,990
171,69.0,52.0,0.0,61.16,1134
172,71.0,54.0,0.0,61.34,892
173,73.0,54.0,0.0,61.88,1205
174,71.0,53.0,0.0,62.06,2035
176,95.0,59.0,0.0,63.5,1855
177,100.0,65.0,0.0,64.22,2410
178,104.0,61.0,0.0,64.76,2227
179,87.0,55.0,0.0,64.76,1862
180,79.0,57.0,0.0,64.76,1907
181,82.0,56.0,0.0,64.76,1170
182,83.0,59.0,0.0,65.3,1036
183,82.0,59.0,0.0,66.02,1115
184,87.0,59.0,0.0,66.38,1308
185,82.0,59.0,0.0,66.74,883
186,75.0,56.0,0.0,66.56,843
187,67.0,57.0,0.0,66.2,588
188,68.0,50.0,0.0,66.2,624
189,81.0,52.0,0.0,66.74,426
190,89.0,55.0,0.0,68.0,491
191,89.0,60.0,0.0,68.18,327
192,75.0,54.0,0.0,68.36,249
193,79.0,55.0,0.0,68.18,181
194,69.0,60.0,0.36,68.18,168
195,81.0,59.0,0.0,68.72,126
197,80.0,56.0,0.0,69.44,126
198,84.0,57.0,0.0,69.08,131
199,75.0,54.0,0.0,68.72,94
200,78.0,57.0,0.0,68.72,101
201,83.0,57.0,0.0,69.08,85
202,100.0,57.0,0.0,69.8,85
204,90.0,64.0,0.0,71.06,77
206,96.0,62.0,0.0,71.78,31
207,84.0,63.0,0.0,71.42,42
208,86.0,64.0,0.0,71.42,24
209,82.0,58.0,0.0,71.06,19
210,73.0,58.0,0.0,70.7,29
211,74.0,55.0,0.28,70.34,20
212,71.0,48.0,0.03,70.16,26
214,76.0,56.0,0.0,70.16,25
215,79.0,55.0,0.0,69.98,15
216,80.0,55.0,0.0,69.8,10
217,79.0,54.0,0.0,70.16,4
218,87.0,54.0,0.0,70.88,10
219,89.0,57.0,0.0,70.88,4
220,88.0,58.0,0.0,70.34,1
222,81.0,60.0,0.0,70.34,7
223,78.0,58.0,0.0,69.8,3
225,78.0,54.0,0.0,69.8,4
226,92.0,54.0,0.0,70.34,2
227,88.0,55.0,0.0,70.16,3
228,74.0,57.0,0.0,69.44,2
229,66.0,57.0,0.0,69.26,2
230,74.0,56.0,0.0,69.44,1
232,90.0,55.0,0.0,70.16,-1
235,75.0,58.0,0.0,69.8,1
236,71.0,57.0,0.0,69.44,1
245,89.0,64.0,0.0,67.82,1
246,90.0,53.0,0.0,68.18,1
248,83.0,58.0,0.0,69.08,1
251,77.0,54.0,0.0,68.9,1
254,79.0,49.0,0.0,68.18,1
146,84.0,54.0,0.0,57.74,1
147,76.0,52.0,0.0,57.92,1
148,60.0,49.0,0.0,57.74,2
149,68.0,50.0,0.0,57.92,5
150,84.0,56.0,0.0,58.64,14
151,93.0,53.0,0.0,59.54,13
152,84.0,55.0,0.0,60.08,25
153,82.0,58.0,0.0,60.44,28
154,84.0,60.0,0.0,60.8,44
155,86.0,62.0,0.0,61.16,48
156,78.0,54.0,0.19,61.16,60
157,64.0,49.0,0.5,60.44,72
158,64.0,50.0,0.01,60.26,87
159,61.0,52.0,0.0,60.62,164
160,71.0,53.0,0.0,60.98,176
161,63.0,53.0,0.53,60.98,237
162,64.0,49.0,0.12,60.62,345
163,62.0,44.0,0.0,60.98,385
165,70.0,54.0,0.0,60.98,600
167,67.0,55.0,0.02,60.62,712
168,65.0,53.0,0.07,60.62,757
169,65.0,53.0,0.0,60.44,856
170,69.0,53.0,0.0,60.98,829
171,83.0,56.0,0.0,61.52,1273
172,85.0,55.0,0.0,62.24,1334
173,77.0,57.0,0.0,62.6,1606
174,71.0,49.0,0.0,62.6,1424
175,74.0,50.0,0.0,62.24,1398
176,62.0,52.0,0.1,62.24,951
178,89.0,58.0,0.0,63.14,951
179,78.0,58.0,0.0,63.32,843
180,77.0,56.0,0.05,63.86,815
181,67.0,51.0,0.04,64.22,742
184,84.0,58.0,0.0,64.94,504
185,87.0,58.0,0.0,65.84,411
186,90.0,57.0,0.0,66.38,409
187,87.0,60.0,0.0,66.56,384
188,84.0,58.0,0.0,66.74,259
189,81.0,58.0,0.0,66.56,256
192,102.0,69.0,0.0,68.36,232
193,104.0,67.0,0.0,69.08,131
194,86.0,63.0,0.0,69.26,207
195,82.0,63.0,0.0,69.8,128
196,89.0,66.0,0.0,69.98,120
197,83.0,63.0,0.0,69.98,115
198,82.0,65.0,0.0,69.98,107
199,72.0,60.0,0.18,69.8,93
200,73.0,59.0,0.29,69.98,65
201,78.0,61.0,0.08,69.98,52
202,71.0,60.0,0.11,69.8,41
203,76.0,61.0,0.03,70.16,27
205,82.0,58.0,0.0,70.7,32
206,77.0,57.0,0.0,70.52,20
208,75.0,59.0,0.0,69.98,19
210,77.0,65.0,0.0,70.34,21
211,74.0,57.0,0.0,69.98,16
212,79.0,57.0,0.0,69.98,10
213,85.0,56.0,0.0,70.34,22
215,90.0,61.0,0.0,71.24,11
216,78.0,60.0,0.0,70.88,8
217,78.0,60.0,0.0,70.7,8
218,74.0,62.0,0.0,70.16,8
219,69.0,61.0,0.0,69.8,6
220,68.0,61.0,0.02,69.44,4
221,79.0,60.0,0.0,69.44,2
222,75.0,56.0,0.0,69.44,3
223,77.0,48.0,0.0,69.62,7
225,72.0,50.0,0.0,69.26,2
228,87.0,57.0,0.0,69.98,2
229,75.0,57.0,0.0,69.98,4
231,74.0,55.0,0.3,69.44,1
236,81.0,54.0,0.0,70.16,1
239,73.0,52.0,0.0,69.44,1
240,76.0,51.0,0.0,69.26,1
242,93.0,57.0,0.0,69.62,1
243,88.0,59.0,0.0,70.16,1
245,84.0,53.0,0.0,70.34,1
247,86.0,55.0,0.36,70.52,2
256,76.0,51.0,0.0,69.08,1
137,88.0,49.0,0.0,54.86,1
143,59.0,47.0,0.21,55.76,2
146,77.0,46.0,0.12,55.22,2
149,69.0,53.0,0.0,56.12,2
150,60.0,50.0,0.22,55.76,7
151,62.0,50.0,0.02,55.58,15
152,69.0,50.0,0.02,55.76,24
153,68.0,48.0,0.01,55.58,25
154,57.0,51.0,0.0,55.58,49
155,67.0,50.0,0.33,55.76,44
156,58.0,48.0,0.67,55.94,101
157,59.0,46.0,0.01,56.12,233
158,56.0,45.0,0.2,56.12,294
159,55.0,47.0,0.46,55.94,435
160,57.0,48.0,0.01,56.12,666
161,68.0,48.0,0.0,55.94,1104
162,65.0,46.0,0.64,55.58,1596
163,52.0,44.0,0.89,55.22,1428
167,68.0,47.0,0.0,56.48,6651
168,71.0,48.0,0.0,57.02,7489
169,74.0,50.0,0.0,57.56,9407
174,82.0,59.0,0.0,59.9,12955
175,71.0,56.0,0.0,60.08,15910
176,70.0,49.0,0.0,60.26,13925
177,76.0,48.0,0.0,60.44,10419
181,100.0,66.0,0.0,62.96,7531
182,87.0,64.0,0.0,63.14,6419
183,85.0,63.0,0.0,63.32,4898
184,79.0,57.0,0.0,63.32,4019
185,83.0,58.0,0.0,63.68,2715
186,81.0,62.0,0.0,64.04,2736
187,74.0,62.0,0.0,64.04,1817
188,71.0,59.0,0.01,64.22,1321
189,72.0,56.0,0.0,64.58,1380
190,79.0,54.0,0.0,64.94,1004
191,89.0,55.0,0.0,65.66,893
192,89.0,55.0,0.0,65.66,649
193,73.0,50.0,0.0,65.84,646
194,85.0,50.0,0.0,65.84,474
195,96.0,57.0,0.0,66.38,433
196,91.0,56.0,0.0,66.92,390
197,87.0,58.0,0.0,67.28,330
198,91.0,58.0,0.0,67.46,279
199,79.0,59.0,0.0,67.1,206
200,79.0,55.0,0.0,66.92,105
201,70.0,57.0,0.0,66.56,82
202,72.0,55.0,0.0,66.74,71
203,82.0,54.0,0.0,67.28,53
204,80.0,58.0,0.0,67.28,69
205,66.0,54.0,0.0,66.74,37
206,67.0,56.0,0.0,66.56,39
207,80.0,48.0,0.0,66.92,24
208,80.0,59.0,0.0,67.1,20
209,81.0,59.0,0.0,67.64,8
210,75.0,59.0,0.0,68.0,12
211,82.0,52.0,0.0,68.0,8
212,69.0,56.0,0.24,67.64,6
213,74.0,57.0,0.0,67.64,11
214,82.0,48.0,0.06,67.28,8
215,70.0,56.0,0.46,67.28,5
216,68.0,54.0,0.0,67.28,3
217,72.0,51.0,0.0,67.64,1
218,94.0,52.0,0.0,68.36,3
219,97.0,58.0,0.0,68.54,3
220,83.0,59.0,0.0,68.9,9
221,79.0,60.0,0.0,69.08,2
222,72.0,60.0,0.0,69.08,2
223,72.0,58.0,0.03,68.72,1
224,75.0,59.0,0.0,68.9,1
226,82.0,57.0,0.0,69.26,1
228,99.0,62.0,0.0,70.34,1
232,75.0,61.0,0.07,70.7,1
233,73.0,60.0,0.7,70.52,1
234,69.0,60.0,1.2,69.98,1
236,81.0,51.0,0.0,69.62,1
237,88.0,54.0,0.0,70.34,1
240,73.0,54.0,0.07,69.62,1
247,72.0,45.0,0.0,66.74,1
248,67.0,56.0,0.0,66.74,1
250,76.0,54.0,0.0,67.1,2
251,76.0,56.0,0.0,67.46,1
252,86.0,56.0,0.0,67.46,2
253,86.0,57.0,0.0,67.64,4
254,79.0,51.0,0.0,67.82,1
255,83.0,47.0,0.0,67.64,2
256,87.0,54.0,0.0,67.64,1
258,84.0,49.0,0.0,67.46,1
263,64.0,53.0,0.0,68.0,1
145,72.0,48.0,0.0,57.02,1
146,73.0,49.0,0.0,57.56,2
147,74.0,52.0,0.0,57.74,3
148,75.0,52.0,0.0,58.1,8
149,85.0,48.0,0.0,58.82,10
150,86.0,54.0,0.0,59.54,9
151,85.0,54.0,0.0,59.72,24
152,83.0,56.0,0.0,59.54,58
153,78.0,58.0,0.02,59.54,60
154,81.0,57.0,0.0,59.9,131
155,88.0,57.0,0.0,60.08,168
156,82.0,57.0,0.15,59.72,237
157,61.0,55.0,0.02,59.9,290
158,64.0,55.0,0.0,59.72,407
159,63.0,51.0,0.0,60.08,783
160,72.0,48.0,0.0,60.62,978
161,73.0,50.0,0.0,60.8,1114
162,67.0,56.0,0.0,60.98,1115
163,70.0,58.0,0.12,60.8,1554
164,72.0,57.0,0.0,61.16,2056
165,70.0,56.0,0.0,61.52,3283
166,67.0,56.0,0.0,61.7,4017
167,75.0,57.0,0.0,61.7,5440
168,75.0,55.0,0.0,61.88,5106
169,73.0,59.0,0.0,62.42,7120
170,76.0,60.0,0.13,62.6,8226
171,71.0,55.0,0.62,62.6,9323
172,64.0,53.0,0.0,62.24,9936
173,67.0,53.0,0.03,62.06,10078
174,68.0,67.0,0.0,62.06,7968
175,79.0,46.0,0.0,62.78,6818
176,81.0,51.0,0.0,63.14,9910
177,68.0,57.0,0.0,62.96,8337
178,71.0,52.0,0.0,62.78,11404
179,81.0,49.0,0.0,63.32,10114
180,77.0,57.0,0.0,63.86,8882
181,77.0,53.0,0.0,63.86,6630
182,78.0,53.0,0.0,63.68,6863
183,95.0,48.0,0.0,64.94,5760
184,97.0,55.0,0.0,65.48,4728
185,90.0,55.0,0.0,66.02,3698
186,89.0,56.0,0.0,66.38,2744
187,84.0,54.0,0.0,66.02,2200
188,68.0,56.0,0.0,65.66,1503
189,71.0,57.0,0.0,65.48,1288
190,68.0,53.0,0.0,65.66,1029
191,75.0,49.0,0.0,66.38,1202
192,92.0,55.0,0.0,66.74,988
193,74.0,58.0,0.0,66.74,762
194,66.0,56.0,0.25,66.38,664
195,70.0,56.0,0.0,66.56,475
196,74.0,57.0,0.0,66.74,294
197,84.0,53.0,0.0,67.28,298
198,89.0,55.0,0.0,68.36,321
199,91.0,59.0,0.0,68.72,311
200,86.0,56.0,0.0,68.72,219
201,79.0,56.0,0.0,68.72,168
202,96.0,55.0,0.0,69.08,131
203,89.0,60.0,0.0,69.08,95
204,81.0,60.0,0.0,69.08,89
205,71.0,58.0,0.0,69.26,59
206,80.0,57.0,0.0,69.98,33
207,88.0,59.0,0.0,70.16,27
208,90.0,63.0,0.0,71.06,54
211,100.0,71.0,0.0,73.22,24
212,94.0,71.0,0.0,73.76,21
213,90.0,64.0,0.0,73.76,17
214,90.0,66.0,0.0,74.3,5
215,89.0,68.0,0.0,73.94,4
216,84.0,63.0,0.0,73.4,6
217,82.0,60.0,0.0,72.5,10
218,76.0,59.0,0.0,71.6,2
219,65.0,59.0,0.0,70.52,1
220,64.0,58.0,0.0,69.8,2
221,71.0,58.0,0.0,69.98,4
222,80.0,58.0,0.0,70.34,5
223,83.0,64.0,0.0,70.7,3
224,80.0,62.0,0.95,71.24,6
225,71.0,61.0,0.41,71.24,3
226,69.0,56.0,0.0,70.88,11
227,65.0,57.0,0.01,69.98,2
228,67.0,56.0,0.0,69.44,6
231,88.0,58.0,0.0,70.34,4
232,96.0,60.0,0.0,70.88,7
233,85.0,62.0,0.0,71.06,1
234,72.0,62.0,0.0,70.88,1
235,78.0,57.0,0.0,70.34,1
236,72.0,56.0,0.0,69.8,1
239,86.0,49.0,0.0,69.44,1
243,75.0,56.0,0.0,70.16,1
244,76.0,61.0,0.0,70.16,-1
251,71.0,49.0,0.05,68.36,2
253,79.0,53.0,0.0,68.54,1
107,66.0,46.0,0.0,50.0,1
126,52.0,39.0,0.24,52.16,1
134,73.0,42.0,0.0,54.5,1
140,66.0,46.0,0.66,55.76,1
143,57.0,41.0,0.1,55.22,2
146,64.0,48.0,0.32,55.76,1
147,60.0,47.0,0.25,55.94,8
150,61.0,47.0,0.05,55.76,71
151,67.0,46.0,0.43,56.48,57
152,68.0,54.0,0.1,57.02,137
153,64.0,54.0,1.28,57.2,133
154,60.0,48.0,1.34,57.02,168
155,63.0,47.0,1.4,57.02,230
156,57.0,47.0,0.27,57.38,291
157,77.0,44.0,0.11,57.92,292
158,62.0,56.0,1.35,57.92,358
159,70.0,49.0,0.02,58.1,367
160,76.0,46.0,0.33,57.92,499
161,61.0,50.0,0.85,57.92,563
162,56.0,50.0,0.32,58.46,1070
163,64.0,48.0,0.0,59.18,1627
164,80.0,46.0,0.0,59.54,3041
165,72.0,52.0,0.0,58.82,4383
166,63.0,49.0,0.0,58.28,4640
167,59.0,48.0,0.22,58.1,4629
168,56.0,47.0,0.16,58.1,6987
169,61.0,47.0,0.0,58.82,12523
170,69.0,44.0,0.1,59.18,14938
171,66.0,52.0,0.0,59.18,25011
172,56.0,53.0,0.2,59.36,26873
173,67.0,53.0,0.0,59.54,25128
174,73.0,51.0,0.0,60.08,30374
175,80.0,56.0,0.0,60.44,30690
176,81.0,57.0,0.0,60.98,25048
177,73.0,55.0,0.0,61.16,19054
178,75.0,54.0,0.0,61.34,19601
179,82.0,55.0,0.0,61.88,15958
180,79.0,57.0,0.0,62.24,12093
182,71.0,52.0,0.0,62.24,13782
183,68.0,52.0,0.22,62.24,10620
184,64.0,53.0,0.33,62.42,7230
185,68.0,53.0,0.0,62.24,7993
186,64.0,52.0,0.0,61.88,8513
187,65.0,50.0,0.0,62.6,6958
188,87.0,48.0,0.0,63.32,4910
189,95.0,63.0,0.0,64.04,6065
190,98.0,61.0,0.0,64.76,5983
191,94.0,60.0,0.0,65.12,3660
192,82.0,63.0,0.0,65.3,3471
193,83.0,63.0,0.0,64.94,1509
194,67.0,54.0,0.0,64.4,1187
195,70.0,51.0,0.0,64.94,1193
196,88.0,49.0,0.0,65.48,1322
197,84.0,54.0,0.0,66.2,997
198,75.0,54.0,0.0,66.38,881
199,72.0,53.0,0.0,66.2,535
200,70.0,55.0,0.0,66.2,313
201,71.0,56.0,0.0,66.38,258
202,68.0,54.0,0.0,66.56,203
203,77.0,55.0,0.0,67.1,190
204,73.0,57.0,0.0,67.82,112
205,89.0,55.0,0.0,68.54,118
206,91.0,56.0,0.0,68.9,121
207,87.0,63.0,0.0,69.26,84
208,86.0,62.0,0.0,69.44,54
209,83.0,59.0,0.0,69.44,63
210,74.0,56.0,0.0,69.26,36
211,80.0,56.0,0.0,69.08,23
212,77.0,57.0,0.0,68.9,31
213,70.0,58.0,0.02,69.08,20
214,75.0,59.0,0.0,69.44,24
215,79.0,59.0,0.0,69.44,24
216,78.0,58.0,0.0,69.8,14
217,75.0,58.0,0.0,70.7,6
218,83.0,60.0,0.0,70.88,12
219,79.0,59.0,0.0,70.52,8
220,77.0,59.0,0.0,70.7,7
221,76.0,60.0,0.0,70.52,8
222,68.0,58.0,0.0,69.62,9
223,73.0,58.0,0.0,69.62,2
224,76.0,56.0,0.0,70.16,3
225,82.0,58.0,0.0,70.34,2
226,92.0,56.0,0.0,70.7,1
227,96.0,67.0,0.0,71.42,2
228,97.0,65.0,0.0,72.14,1
230,91.0,60.0,0.0,72.14,1
231,75.0,59.0,0.0,71.42,1
232,70.0,51.0,0.0,70.52,2
235,70.0,55.0,0.0,68.54,2
236,80.0,47.0,0.0,68.72,1
237,89.0,56.0,0.0,69.44,2
238,95.0,58.0,0.0,69.62,1
242,66.0,54.0,0.0,68.36,2
243,70.0,54.0,0.0,67.64,1
245,70.0,54.0,0.08,67.1,1
251,63.0,54.0,0.3,66.2,1
252,66.0,54.0,0.0,66.2,1
253,64.0,56.0,0.0,65.66,1
257,75.0,52.0,0.0,66.02,1
284,62.0,49.0,0.45,64.94,1
120,54.0,39.0,0.0,49.1,1
121,58.0,40.0,0.02,49.46,1
122,70.0,34.0,0.0,49.82,1
129,56.0,41.0,0.12,51.08,1
130,56.0,47.0,0.0,51.8,2
138,60.0,39.0,0.03,53.78,1
150,52.0,46.0,0.05,54.5,1
151,66.0,48.0,0.15,54.86,1
152,64.0,49.0,0.04,54.68,5
154,61.0,48.0,0.0,55.04,6
155,74.0,44.0,0.0,55.58,11
156,83.0,51.0,0.0,55.58,23
157,78.0,57.0,0.0,55.58,39
158,68.0,55.0,0.0,55.94,57
159,63.0,53.0,0.0,55.94,88
160,59.0,50.0,0.0,56.48,122
161,73.0,46.0,0.0,57.02,297
162,65.0,54.0,0.0,57.38,391
163,69.0,54.0,0.0,57.56,502
164,69.0,53.0,0.14,57.56,678
165,69.0,54.0,0.02,57.92,1050
166,67.0,54.0,0.0,57.74,1124
167,60.0,49.0,0.12,57.56,1904
168,66.0,46.0,0.0,57.56,1893
169,74.0,49.0,0.0,57.38,2153
170,61.0,52.0,0.16,57.38,2589
171,65.0,54.0,0.02,57.74,2907
172,73.0,55.0,0.0,58.46,3851
173,81.0,50.0,0.0,59.0,5352
174,70.0,54.0,0.0,58.82,6641
175,67.0,54.0,0.0,59.0,6589
176,68.0,53.0,0.0,59.36,6824
177,72.0,48.0,0.0,59.54,7717
178,74.0,47.0,0.0,59.9,8393
179,78.0,53.0,0.03,60.08,9078
180,70.0,58.0,0.01,60.08,8770
181,63.0,55.0,0.0,60.26,8740
182,67.0,52.0,0.0,60.62,8918
183,77.0,47.0,0.0,61.16,8915
184,82.0,51.0,0.01,61.34,11685
185,73.0,56.0,0.0,61.34,8147
186,79.0,50.0,0.0,61.52,7507
187,83.0,53.0,0.0,62.06,8087
188,85.0,57.0,0.0,62.42,7650
189,70.0,57.0,0.0,62.24,5262
190,70.0,54.0,0.0,62.42,4685
191,76.0,51.0,0.0,62.78,4491
192,78.0,56.0,0.0,62.6,3858
193,72.0,56.0,0.02,62.6,3329
194,69.0,57.0,0.07,62.6,3139
195,73.0,55.0,0.0,63.14,2514
196,71.0,55.0,0.0,63.5,2252
197,79.0,55.0,0.12,63.5,1938
198,73.0,58.0,0.32,63.5,1316
199,62.0,54.0,0.37,63.5,826
200,72.0,54.0,0.01,63.5,530
201,67.0,57.0,0.02,63.86,570
202,74.0,54.0,0.01,63.86,484
203,67.0,57.0,0.01,63.86,345
204,72.0,54.0,0.0,64.04,311
205,82.0,50.0,0.08,64.76,248
206,88.0,59.0,0.07,64.94,135
207,69.0,58.0,0.02,65.12,144
208,73.0,57.0,0.0,64.94,119
209,75.0,56.0,0.0,65.3,138
210,80.0,53.0,0.0,65.66,103
211,80.0,59.0,0.0,66.38,85
212,81.0,58.0,0.0,66.56,67
213,80.0,55.0,0.0,66.92,43
214,81.0,55.0,0.0,67.1,41
215,79.0,58.0,0.0,67.46,16
216,82.0,57.0,0.0,67.82,13
217,82.0,60.0,0.0,68.0,10
218,73.0,61.0,0.0,68.0,10
219,72.0,60.0,0.0,68.0,5
220,75.0,59.0,0.0,68.0,11
221,70.0,58.0,0.0,68.0,8
222,67.0,58.0,0.0,67.64,9
223,76.0,58.0,0.0,67.82,3
226,68.0,58.0,0.0,68.18,3
227,72.0,59.0,0.0,68.18,1
228,77.0,55.0,0.0,68.18,1
230,82.0,51.0,0.0,68.36,2
231,75.0,55.0,0.0,68.54,4
233,93.0,56.0,0.0,69.26,2
234,87.0,56.0,0.0,69.44,2
235,78.0,63.0,0.17,69.44,3
236,81.0,62.0,0.0,69.98,4
237,86.0,58.0,0.0,70.16,1
239,84.0,64.0,0.0,70.52,1
241,79.0,61.0,0.0,70.16,1
242,69.0,61.0,0.0,69.62,1
134,79.0,48.0,0.0,53.06,1
146,59.0,47.0,0.48,56.12,2
147,67.0,44.0,0.01,55.94,1
148,66.0,50.0,0.0,55.58,3
149,64.0,52.0,0.03,55.58,1
150,62.0,49.0,0.01,55.76,10
151,66.0,48.0,0.0,55.94,30
152,72.0,49.0,0.0,56.3,32
153,70.0,57.0,0.15,56.84,83
154,74.0,56.0,0.27,57.2,175
155,67.0,54.0,0.06,57.2,267
156,63.0,50.0,0.13,57.38,289
157,62.0,49.0,0.92,57.2,334
158,58.0,45.0,0.26,57.2,568
159,66.0,47.0,0.08,57.38,576
160,58.0,48.0,0.93,57.38,1006
161,57.0,45.0,0.67,56.84,1619
162,60.0,45.0,0.76,56.48,2311
163,68.0,46.0,0.01,56.84,2254
164,74.0,46.0,0.01,57.2,3280
165,63.0,55.0,0.25,57.56,6863
166,65.0,50.0,0.01,57.56,6625
167,67.0,47.0,0.0,58.1,6831
168,77.0,49.0,0.0,58.64,11995
169,82.0,57.0,0.01,59.36,15633
170,71.0,57.0,0.16,59.54,15907
171,59.0,51.0,0.35,59.36,19547
172,66.0,49.0,0.01,59.9,19518
173,83.0,46.0,0.0,60.44,22164
174,78.0,55.0,0.0,60.26,21073
175,64.0,52.0,0.26,59.9,26779
176,64.0,50.0,0.32,60.08,23387
177,70.0,49.0,0.02,60.26,38756
178,66.0,51.0,0.36,60.26,41573
179,63.0,50.0,0.43,60.62,31969
180,77.0,46.0,0.0,61.16,23454
181,75.0,51.0,0.0,61.16,19933
182,75.0,59.0,0.0,61.16,17760
183,72.0,60.0,0.07,61.16,18607
184,68.0,54.0,0.01,61.16,16471
185,71.0,52.0,0.15,60.98,15022
186,67.0,50.0,0.16,60.8,13197
187,72.0,46.0,0.0,60.98,11851
188,79.0,47.0,0.0,61.34,12371
189,79.0,54.0,0.0,62.06,11139
190,83.0,57.0,0.0,62.96,8619
191,85.0,61.0,0.0,63.68,5390
192,79.0,60.0,0.0,63.86,5079
193,78.0,55.0,0.0,64.04,3921
194,83.0,61.0,0.0,64.4,3675
195,81.0,62.0,0.0,64.58,2479
196,77.0,56.0,0.0,64.76,1414
197,80.0,61.0,0.0,64.94,1131
198,71.0,57.0,0.0,65.12,584
199,76.0,51.0,0.0,65.66,400
200,79.0,60.0,0.0,65.84,287
201,69.0,62.0,0.0,66.02,204
202,77.0,62.0,0.32,66.02,174
203,70.0,58.0,0.03,66.02,121
204,77.0,55.0,0.0,66.02,147
205,66.0,57.0,0.0,66.02,124
206,72.0,53.0,0.0,66.2,101
207,77.0,51.0,0.0,66.92,73
208,82.0,55.0,0.0,67.28,65
209,80.0,61.0,0.0,66.92,81
210,69.0,59.0,0.0,66.74,61
211,77.0,60.0,0.0,66.92,49
212,74.0,60.0,0.0,66.74,28
213,72.0,59.0,0.0,66.56,24
214,76.0,58.0,0.0,66.74,32
215,74.0,57.0,0.0,66.74,17
216,74.0,55.0,0.0,67.28,12
217,92.0,56.0,0.0,67.82,14
218,97.0,68.0,0.0,68.54,23
219,90.0,61.0,0.0,69.08,14
220,87.0,69.0,0.0,69.44,11
221,76.0,61.0,0.0,69.26,3
222,74.0,60.0,0.0,69.08,4
223,77.0,58.0,0.0,68.9,4
224,76.0,60.0,0.0,69.26,7
225,82.0,56.0,0.0,69.8,5
226,90.0,57.0,0.0,70.34,3
227,87.0,62.0,0.0,70.52,4
228,86.0,62.0,0.0,70.7,7
229,96.0,60.0,0.0,70.88,2
231,95.0,63.0,0.0,71.42,5
233,75.0,62.0,0.0,70.52,-1
234,78.0,58.0,0.0,70.16,2
239,86.0,53.0,0.0,68.72,1
241,76.0,60.0,0.0,68.9,1
246,73.0,52.0,0.0,67.46,-1
248,76.0,52.0,0.0,67.46,2
249,82.0,52.0,0.0,67.82,1
261,78.0,50.0,0.0,66.92,2
262,88.0,53.0,0.0,66.92,1
145,59.0,44.0,0.35,56.66,1
146,68.0,48.0,0.24,56.66,4
147,64.0,49.0,0.11,56.48,5
148,57.0,50.0,0.87,56.12,11
149,62.0,50.0,1.45,56.12,13
150,63.0,48.0,0.72,56.48,9
151,64.0,47.0,0.0,57.02,17
152,70.0,46.0,0.0,57.2,25
153,74.0,46.0,0.0,57.74,15
154,71.0,52.0,0.0,58.1,49
155,73.0,49.0,0.0,58.64,99
156,86.0,49.0,0.0,59.0,180
157,82.0,52.0,0.0,59.9,328
158,81.0,58.0,0.0,60.26,567
159,75.0,53.0,0.0,60.26,1008
160,76.0,53.0,0.0,60.8,1162
161,73.0,50.0,0.0,61.16,1699
162,69.0,50.0,0.0,61.34,1964
163,65.0,51.0,0.05,61.52,2038
164,67.0,51.0,0.35,61.7,2636
165,62.0,50.0,0.28,62.06,3328
166,69.0,49.0,0.0,62.6,3980
167,80.0,49.0,0.0,62.96,4794
168,72.0,57.0,0.0,63.14,5275
169,77.0,56.0,0.01,63.32,6575
170,72.0,52.0,0.45,62.78,6467
171,64.0,52.0,0.2,62.24,5610
172,66.0,52.0,0.12,62.24,5278
173,69.0,49.0,0.0,62.78,6880
174,79.0,48.0,0.0,63.14,7216
175,73.0,58.0,0.63,62.96,6115
176,66.0,56.0,0.05,62.6,6817
177,66.0,56.0,0.41,62.42,9001
178,73.0,57.0,0.1,62.6,6503
179,82.0,58.0,0.0,63.14,7628
180,90.0,61.0,0.0,63.86,6348
181,86.0,61.0,0.0,64.22,4708
182,96.0,61.0,0.0,64.58,7397
183,88.0,66.0,0.0,64.76,5150
184,85.0,63.0,0.0,65.3,5411
185,81.0,57.0,0.0,65.12,5623
186,74.0,56.0,0.0,64.94,5280
187,71.0,57.0,0.0,65.48,4249
188,74.0,57.0,0.0,66.2,4164
189,76.0,58.0,0.0,66.74,4946
190,79.0,57.0,0.0,67.46,4557
191,86.0,56.0,0.0,67.82,2768
192,80.0,54.0,0.0,67.64,3091
193,75.0,54.0,0.0,67.46,3427
194,73.0,51.0,0.0,67.28,2480
195,81.0,51.0,0.0,68.0,1940
196,86.0,53.0,0.0,68.36,1847
197,85.0,55.0,0.0,68.72,1911
198,89.0,62.0,0.0,68.54,1065
199,76.0,58.0,0.0,68.9,823
200,79.0,57.0,0.0,69.08,782
201,79.0,57.0,0.0,69.26,846
202,76.0,57.0,0.0,69.44,438
203,79.0,57.0,0.0,69.44,363
204,80.0,59.0,0.0,69.44,329
205,85.0,59.0,0.0,69.8,296
206,87.0,62.0,0.0,70.16,298
207,87.0,61.0,0.0,70.52,294
208,86.0,57.0,0.0,70.16,266
209,78.0,56.0,0.0,69.62,200
210,72.0,56.0,0.0,69.44,157
211,75.0,56.0,0.0,69.44,102
212,80.0,59.0,0.0,69.98,93
213,73.0,60.0,0.0,69.98,87
214,64.0,58.0,0.0,69.8,84
215,69.0,57.0,0.0,69.8,55
216,80.0,57.0,0.0,70.34,59
217,86.0,57.0,0.0,70.88,48
218,86.0,59.0,0.0,71.6,33
219,89.0,62.0,0.0,71.96,35
220,83.0,62.0,0.0,71.42,18
221,77.0,62.0,0.0,71.24,29
222,78.0,60.0,0.04,71.24,13
223,79.0,60.0,0.01,71.06,15
224,75.0,61.0,0.0,71.24,10
225,78.0,60.0,0.0,71.24,12
226,83.0,57.0,0.0,71.24,8
227,83.0,57.0,0.0,71.42,17
228,81.0,64.0,0.0,71.6,6
229,83.0,64.0,0.01,71.78,6
230,82.0,63.0,0.0,71.78,4
231,82.0,61.0,0.0,71.78,3
232,83.0,60.0,0.0,71.6,2
233,81.0,56.0,0.0,71.42,3
234,91.0,55.0,0.0,71.42,1
238,68.0,56.0,0.08,71.24,3
240,85.0,61.0,0.08,71.6,1
241,82.0,62.0,0.0,71.78,1
242,78.0,64.0,0.44,71.96,1
244,90.0,57.0,0.0,72.32,1
245,82.0,61.0,0.0,72.14,1
247,78.0,60.0,0.0,71.6,1
249,68.0,58.0,1.03,70.7,1
254,93.0,60.0,0.0,71.42,1
258,78.0,60.0,0.0,72.14,-1
266,59.0,54.0,0.69,69.08,1
11,59.0,45.0,0.65,39.02,1
17,50.0,36.0,0.0,41.0,1
97,64.0,44.0,0.01,46.04,1
120,66.0,43.0,0.0,50.72,1
123,86.0,47.0,0.03,51.8,1
126,63.0,48.0,0.01,52.52,4
138,69.0,53.0,0.04,56.12,1
143,79.0,52.0,0.0,57.74,1
144,68.0,55.0,0.06,57.74,1
145,68.0,49.0,0.0,57.56,2
147,71.0,53.0,0.01,57.92,3
148,68.0,52.0,0.0,57.92,3
149,59.0,50.0,0.73,57.92,8
150,68.0,44.0,0.01,58.1,16
151,75.0,45.0,0.0,58.46,10
152,75.0,53.0,0.0,58.64,17
153,70.0,54.0,0.0,58.64,30
154,73.0,53.0,0.0,58.82,76
155,65.0,52.0,0.0,59.0,120
156,71.0,51.0,0.0,59.18,192
157,75.0,51.0,0.0,59.54,399
158,77.0,51.0,0.0,59.9,640
159,75.0,54.0,0.0,60.44,851
160,78.0,56.0,0.0,60.98,1101
161,72.0,52.0,0.0,60.98,1648
162,73.0,51.0,0.0,61.16,2420
163,77.0,51.0,0.0,61.7,3725
164,64.0,53.0,0.56,61.52,3944
165,61.0,53.0,0.14,61.16,4297
166,61.0,53.0,0.0,60.8,3869
167,62.0,49.0,0.18,60.62,4968
168,60.0,49.0,0.35,60.62,5233
169,59.0,49.0,0.01,60.44,7404
170,68.0,49.0,0.0,60.62,8533
171,78.0,49.0,0.05,61.16,14506
172,70.0,46.0,0.04,60.98,23241
173,72.0,47.0,0.0,60.98,26722
174,76.0,50.0,0.0,61.34,26366
175,79.0,54.0,0.1,61.88,26888
176,75.0,54.0,0.0,62.24,27173
177,74.0,55.0,0.37,62.42,30262
178,66.0,57.0,0.97,62.6,24834
179,68.0,56.0,0.45,63.14,19588
180,70.0,56.0,0.19,63.32,24408
181,71.0,50.0,0.08,63.5,22788
182,85.0,50.0,0.0,64.04,23610
183,95.0,62.0,0.0,64.94,23946
184,80.0,61.0,0.0,64.94,25612
185,73.0,60.0,0.0,64.58,34253
186,77.0,57.0,0.0,64.58,34549
187,84.0,58.0,0.0,64.94,26182
188,86.0,61.0,0.0,65.48,22831
189,86.0,62.0,0.0,66.2,19087
190,86.0,64.0,0.0,66.74,12858
191,81.0,61.0,0.0,66.92,12305
192,81.0,57.0,0.0,67.1,9638
193,84.0,57.0,0.0,67.64,7415
194,89.0,59.0,0.0,68.54,5636
195,72.0,63.0,0.04,68.18,6281
196,83.0,64.0,0.0,68.9,6035
197,87.0,62.0,0.0,69.44,4528
198,90.0,64.0,0.0,69.8,4737
199,81.0,59.0,0.0,69.26,3152
200,77.0,57.0,0.0,69.08,2755
201,84.0,61.0,0.0,69.44,2345
202,72.0,60.0,0.0,69.26,1808
203,77.0,56.0,0.14,69.26,1642
204,73.0,60.0,0.15,69.44,1365
205,64.0,56.0,0.41,68.54,1061
206,69.0,51.0,0.0,68.36,712
207,76.0,52.0,0.0,68.54,532
208,83.0,53.0,0.0,69.08,501
209,81.0,55.0,0.0,69.44,399
210,88.0,59.0,0.0,69.8,366
211,87.0,63.0,0.0,70.16,246
212,84.0,62.0,0.0,70.34,208
213,87.0,62.0,0.0,70.52,246
214,87.0,66.0,0.0,70.52,157
215,84.0,62.0,0.0,70.7,141
216,86.0,62.0,0.0,71.06,108
217,88.0,60.0,0.0,71.06,98
218,81.0,59.0,0.0,70.34,108
219,81.0,60.0,0.0,70.34,73
220,80.0,58.0,0.0,69.98,70
221,78.0,58.0,0.0,69.8,57
222,83.0,57.0,0.0,70.34,41
223,98.0,57.0,0.0,71.06,36
224,102.0,68.0,0.0,71.78,21
225,79.0,66.0,0.03,72.14,19
226,77.0,59.0,0.0,71.96,8
227,80.0,57.0,0.0,71.96,18
228,80.0,60.0,0.0,71.6,8
229,83.0,60.0,0.0,71.6,7
230,85.0,61.0,0.0,72.14,8
231,88.0,61.0,0.0,72.68,4
232,84.0,60.0,0.0,72.5,5
233,75.0,57.0,0.0,71.6,12
235,78.0,55.0,0.0,70.7,1
237,81.0,56.0,0.0,71.6,3
238,91.0,57.0,0.0,72.14,6
239,92.0,60.0,0.0,72.5,12
240,89.0,59.0,0.0,72.14,3
241,82.0,61.0,0.0,71.96,4
242,74.0,60.0,0.0,71.78,2
244,75.0,53.0,0.0,70.52,4
245,79.0,52.0,0.0,70.34,2
247,72.0,50.0,0.0,69.08,1
248,83.0,50.0,0.0,69.08,1
249,89.0,58.0,0.0,69.26,1
251,82.0,54.0,0.0,69.44,1
252,75.0,57.0,0.0,69.08,1
257,83.0,55.0,0.0,66.92,1
263,80.0,57.0,0.0,67.82,-1
264,90.0,57.0,0.0,67.82,1
273,67.0,54.0,0.2,66.92,-1
34,56.0,41.0,0.42,39.92,1
141,71.0,55.0,0.0,59.72,1
144,60.0,54.0,0.0,59.18,1
145,63.0,53.0,0.0,59.54,6
146,65.0,53.0,0.0,60.08,5
147,70.0,54.0,0.0,60.98,19
148,76.0,56.0,0.0,61.88,11
149,82.0,53.0,0.0,62.42,50
150,81.0,56.0,0.0,62.6,89
151,76.0,54.0,0.0,63.14,132
152,82.0,55.0,0.01,63.14,128
153,67.0,54.0,0.29,62.96,152
154,65.0,52.0,0.56,63.32,239
155,65.0,52.0,0.01,63.68,429
156,73.0,54.0,0.0,64.4,686
157,87.0,52.0,0.0,64.94,861
158,86.0,55.0,0.0,65.48,1096
159,87.0,59.0,0.0,66.02,1156
160,89.0,60.0,0.0,66.38,1812
161,87.0,61.0,0.0,66.02,2815
162,78.0,54.0,0.0,65.3,4792
163,77.0,54.0,0.0,65.12,4296
164,72.0,54.0,0.0,65.12,5951
165,75.0,49.0,0.0,66.02,6737
166,86.0,48.0,0.0,66.56,7532
167,88.0,54.0,0.0,67.1,10134
168,76.0,54.0,0.0,66.92,13867
169,79.0,53.0,0.0,67.28,13504
170,82.0,60.0,0.0,67.46,13692
171,74.0,58.0,0.0,67.46,18917
172,80.0,52.0,0.0,67.64,29764
173,80.0,55.0,0.0,67.82,31880
174,77.0,56.0,0.0,67.82,27720
175,82.0,57.0,0.0,68.18,25749
176,83.0,61.0,0.0,68.72,20120
177,89.0,57.0,0.0,69.26,22847
178,94.0,61.0,0.0,69.98,23891
179,89.0,69.0,0.0,70.34,25160
180,81.0,67.0,0.0,70.52,23574
181,88.0,67.0,0.0,70.88,17547
182,89.0,64.0,0.0,71.42,18423
183,93.0,63.0,0.0,71.6,14949
184,95.0,62.0,0.0,71.96,11900
185,94.0,68.0,0.0,72.14,11600
186,91.0,64.0,0.0,72.68,11064
187,94.0,67.0,0.0,73.04,8791
188,90.0,66.0,0.0,72.68,9740
189,86.0,60.0,0.0,72.68,8301
190,88.0,64.0,0.0,73.04,8543
191,84.0,64.0,0.0,72.86,6585
192,78.0,62.0,0.0,72.32,5519
193,71.0,63.0,0.0,72.14,4272
194,81.0,63.0,0.0,72.5,5060
195,81.0,63.0,0.0,72.68,4015
196,84.0,60.0,0.0,72.5,2898
197,81.0,60.0,0.0,72.5,2760
198,78.0,61.0,0.0,72.32,2363
199,88.0,56.0,0.0,72.68,2128
200,100.0,58.0,0.0,73.04,1813
201,95.0,60.0,0.0,73.22,1756
202,86.0,64.0,0.0,72.68,1777
203,75.0,60.0,0.0,71.78,1541
204,73.0,58.0,0.0,71.42,1191
205,79.0,59.0,0.0,71.06,892
206,81.0,59.0,0.0,71.06,957
207,67.0,58.0,0.07,70.52,779
208,72.0,55.0,0.01,70.34,522
209,75.0,58.0,0.0,70.88,486
210,87.0,54.0,0.0,71.42,401
211,100.0,58.0,0.0,71.78,345
212,105.0,62.0,0.0,72.14,218
213,98.0,60.0,0.0,72.32,181
214,95.0,60.0,0.0,71.96,111
215,82.0,68.0,0.0,71.42,119
216,82.0,64.0,0.0,70.88,159
217,82.0,60.0,0.0,70.34,184
218,76.0,59.0,0.0,70.16,122
219,79.0,56.0,0.0,70.16,116
220,85.0,54.0,0.0,70.88,99
221,82.0,64.0,0.0,71.24,85
222,84.0,64.0,0.0,71.96,76
223,85.0,63.0,0.0,71.96,41
224,85.0,63.0,0.0,71.96,54
225,88.0,68.0,0.0,71.96,18
226,84.0,64.0,0.0,71.42,22
227,71.0,60.0,0.16,71.24,14
228,75.0,57.0,0.01,71.24,16
229,83.0,54.0,0.0,71.24,17
230,86.0,55.0,0.0,71.42,21
231,97.0,57.0,0.0,71.96,46
232,95.0,61.0,0.0,71.96,24
233,78.0,60.0,0.0,71.06,14
234,77.0,55.0,0.0,70.52,12
235,82.0,53.0,0.0,69.98,11
236,88.0,60.0,0.0,69.8,13
237,80.0,59.0,0.0,69.8,25
238,82.0,55.0,0.0,69.98,21
239,85.0,53.0,0.0,70.34,12
240,87.0,59.0,0.0,70.52,9
241,79.0,66.0,0.2,70.52,9
242,71.0,59.0,0.7,70.16,24
243,66.0,55.0,0.45,69.8,10
244,72.0,54.0,0.0,69.62,14
245,76.0,58.0,0.27,69.26,7
246,66.0,52.0,0.92,69.08,7
247,70.0,48.0,0.0,68.54,4
248,68.0,46.0,0.01,68.18,2
250,58.0,48.0,0.15,66.92,2
251,73.0,52.0,0.0,67.1,8
252,80.0,50.0,0.0,67.64,4
253,78.0,54.0,0.0,67.82,2
254,90.0,53.0,0.0,67.82,1
255,92.0,63.0,0.0,68.18,2
256,83.0,57.0,0.0,68.54,3
257,74.0,56.0,0.0,67.82,1
259,63.0,48.0,0.01,66.02,1
142,65.0,48.0,0.12,58.64,2
143,54.0,50.0,0.13,58.64,5
144,64.0,51.0,0.15,58.82,1
145,67.0,51.0,0.0,59.0,10
146,62.0,54.0,0.0,59.0,10
147,63.0,53.0,0.0,59.0,26
148,59.0,49.0,0.0,59.0,17
149,62.0,46.0,0.07,59.0,18
150,71.0,46.0,0.01,59.0,40
151,69.0,45.0,0.0,59.54,120
152,79.0,46.0,0.0,60.08,202
153,87.0,52.0,0.0,60.62,280
154,78.0,56.0,0.12,60.98,361
155,69.0,53.0,0.03,61.52,565
156,92.0,53.0,0.0,62.06,807
157,96.0,63.0,0.0,62.78,944
158,94.0,65.0,0.0,63.86,1008
159,94.0,65.0,0.0,64.58,1969
160,88.0,62.0,0.0,64.4,1648
161,73.0,57.0,0.0,63.68,2112
162,64.0,49.0,0.26,63.32,3411
163,64.0,49.0,0.47,63.32,4515
164,66.0,45.0,0.06,63.68,6660
165,73.0,45.0,0.0,63.86,8764
166,63.0,46.0,0.54,63.86,7233
167,61.0,44.0,0.54,63.86,10477
168,64.0,46.0,0.16,63.5,12243
169,67.0,48.0,0.07,63.5,14064
170,67.0,50.0,0.06,63.32,12899
171,63.0,44.0,0.22,63.32,22142
172,76.0,44.0,0.0,64.04,20300
173,78.0,57.0,0.0,64.04,18783
174,74.0,53.0,0.0,64.22,17352
175,77.0,55.0,0.0,64.22,23518
176,63.0,51.0,1.3,63.86,21412
177,66.0,49.0,0.08,63.86,16466
178,77.0,49.0,0.0,64.58,12114
179,91.0,54.0,0.0,65.3,12999
180,85.0,56.0,0.0,65.84,10373
181,78.0,57.0,0.0,66.2,10620
182,75.0,56.0,0.0,66.02,7854
183,76.0,57.0,0.0,65.84,9160
184,77.0,61.0,0.0,66.38,7328
185,81.0,58.0,0.0,66.74,7151
186,74.0,54.0,0.0,66.74,4458
187,67.0,54.0,0.0,66.56,3223
188,71.0,54.0,0.0,66.74,2521
189,79.0,54.0,0.0,67.1,2507
190,74.0,58.0,0.41,67.28,2690
191,74.0,56.0,0.59,67.82,2288
192,72.0,54.0,0.18,67.82,1807
193,69.0,54.0,0.01,67.82,1837
194,74.0,58.0,0.0,67.82,1758
195,72.0,58.0,0.0,68.18,1256
196,79.0,56.0,0.0,68.36,1668
197,80.0,55.0,0.0,68.18,896
198,70.0,57.0,0.0,68.0,756
199,72.0,59.0,0.0,68.18,749
200,74.0,60.0,0.0,68.0,637
201,74.0,60.0,0.0,68.18,613
202,77.0,56.0,0.0,68.54,387
203,83.0,55.0,0.0,69.26,455
204,84.0,56.0,0.0,68.72,350
205,69.0,58.0,0.0,68.72,437
206,74.0,53.0,0.0,69.26,360
207,84.0,53.0,0.0,69.8,298
208,83.0,61.0,0.0,69.62,404
209,79.0,60.0,0.0,70.16,358
210,83.0,60.0,0.0,71.06,251
211,89.0,60.0,0.0,71.24,222
212,90.0,59.0,0.0,71.06,205
213,78.0,58.0,0.0,70.52,156
214,73.0,55.0,0.0,69.98,106
215,78.0,55.0,0.0,69.44,98
216,74.0,54.0,0.0,69.62,107
217,79.0,54.0,0.0,70.52,88
218,95.0,57.0,0.0,71.42,74
219,80.0,57.0,0.0,70.7,78
220,75.0,56.0,0.0,70.52,74
221,74.0,59.0,0.0,70.34,47
222,71.0,59.0,0.0,69.62,35
223,70.0,58.0,0.0,69.62,32
224,77.0,56.0,0.0,70.16,42
225,86.0,56.0,0.0,70.7,25
226,93.0,60.0,0.0,71.24,27
227,90.0,61.0,0.0,71.42,21
228,85.0,61.0,0.0,71.42,18
229,84.0,59.0,0.0,71.24,13
230,79.0,59.0,0.0,70.88,15
231,78.0,58.0,0.0,70.88,2
232,102.0,58.0,0.0,71.06,14
233,93.0,62.0,0.0,71.42,7
234,96.0,61.0,0.0,71.78,7
235,80.0,55.0,0.0,71.24,8
236,74.0,52.0,0.0,71.06,7
237,83.0,51.0,0.0,71.42,1
238,92.0,56.0,0.0,71.6,2
239,95.0,57.0,0.0,71.6,1
240,96.0,60.0,0.0,71.96,1
241,81.0,58.0,0.0,71.78,1
242,83.0,55.0,0.0,71.6,2
243,84.0,55.0,0.0,71.24,1
244,71.0,54.0,0.0,70.88,1
245,71.0,55.0,0.11,70.16,1
246,67.0,57.0,0.23,69.98,3
248,69.0,51.0,0.01,69.08,1
257,77.0,50.0,0.0,67.28,1
258,78.0,48.0,0.0,67.1,1
131,74.0,49.0,0.0,54.14,1
144,85.0,49.0,0.0,55.76,1
145,62.0,48.0,0.0,56.12,1
146,72.0,49.0,0.0,57.02,2
147,83.0,51.0,0.0,57.38,11
148,89.0,54.0,0.0,57.92,5
149,80.0,53.0,0.0,58.1,18
150,71.0,54.0,0.0,57.74,5
151,60.0,55.0,0.0,58.46,24
152,75.0,56.0,0.0,58.82,41
153,70.0,57.0,0.15,59.18,36
154,74.0,57.0,0.0,59.0,54
155,65.0,52.0,0.0,58.64,61
156,66.0,44.0,0.0,58.28,103
157,78.0,45.0,0.0,58.64,161
158,86.0,58.0,0.0,59.18,169
159,78.0,57.0,0.48,59.36,236
160,63.0,48.0,0.51,59.0,411
161,61.0,48.0,0.23,58.82,647
162,62.0,48.0,0.14,58.82,901
163,69.0,52.0,0.0,58.64,732
164,58.0,51.0,0.07,58.46,1103
165,60.0,50.0,0.0,58.64,1223
166,65.0,51.0,0.03,58.82,1502
167,64.0,53.0,1.27,59.0,2118
168,63.0,54.0,0.7,59.36,2896
169,72.0,54.0,0.01,60.62,2966
170,80.0,57.0,0.0,61.34,3278
171,87.0,60.0,0.0,61.52,4673
172,78.0,53.0,0.0,61.52,4218
173,74.0,49.0,0.0,62.06,4156
174,83.0,50.0,0.0,62.78,3420
175,89.0,54.0,0.0,63.5,3264
176,95.0,62.0,0.0,64.04,4120
177,100.0,61.0,0.0,64.04,3624
178,75.0,57.0,0.0,64.04,4148
179,72.0,56.0,0.0,63.68,4172
180,70.0,55.0,0.0,64.04,4467
181,77.0,54.0,0.0,64.94,3472
182,84.0,58.0,0.0,65.3,2666
183,72.0,56.0,0.0,65.66,2515
184,80.0,56.0,0.0,65.66,2474
185,75.0,55.0,0.0,66.2,2384
186,82.0,54.0,0.0,66.92,2458
187,90.0,54.0,0.0,67.64,1601
188,85.0,58.0,0.0,67.64,1713
189,70.0,52.0,0.0,67.64,1354
190,82.0,52.0,0.0,68.18,1211
191,82.0,60.0,0.0,68.18,1218
192,76.0,54.0,0.0,67.82,1095
193,76.0,54.0,0.0,68.36,695
194,82.0,57.0,0.0,68.54,571
195,76.0,54.0,0.0,69.08,460
196,83.0,54.0,0.0,69.08,396
197,79.0,57.0,0.0,69.08,412
198,75.0,54.0,0.0,69.08,291
199,80.0,54.0,0.0,69.08,239
200,83.0,54.0,0.0,69.26,158
201,80.0,57.0,0.0,69.62,173
202,75.0,54.0,0.0,69.62,138
203,81.0,54.0,0.0,70.34,128
204,89.0,57.0,0.0,70.7,108
205,83.0,59.0,0.0,70.88,86
206,87.0,58.0,0.0,71.42,85
207,86.0,60.0,0.0,71.24,75
208,85.0,60.0,0.0,71.06,65
209,77.0,57.0,0.0,71.06,54
210,79.0,57.0,0.0,70.7,40
211,84.0,57.0,0.0,70.88,49
212,86.0,58.0,0.0,71.24,59
213,90.0,58.0,0.0,72.14,44
214,94.0,57.0,0.0,72.5,39
215,102.0,63.0,0.0,72.86,25
216,98.0,65.0,0.0,73.22,19
217,93.0,60.0,0.0,73.22,20
218,88.0,57.0,0.0,72.86,14
219,84.0,57.0,0.0,73.04,12
220,87.0,62.0,0.0,73.04,5
221,89.0,61.0,0.0,73.58,11
222,90.0,61.0,0.0,73.76,2
224,83.0,63.0,0.0,73.22,8
225,77.0,61.0,0.06,72.86,4
226,72.0,54.0,0.03,72.14,2
227,71.0,53.0,0.0,71.6,8
228,80.0,53.0,0.0,71.42,4
229,82.0,59.0,0.0,71.24,5
230,77.0,59.0,0.0,71.42,3
231,81.0,58.0,0.0,71.06,2
232,78.0,58.0,0.0,71.06,8
233,77.0,56.0,0.0,71.24,9
234,90.0,55.0,0.0,71.6,12
235,85.0,57.0,0.0,71.6,2
237,75.0,54.0,0.0,71.24,5
238,79.0,53.0,0.0,71.24,2
239,90.0,53.0,0.0,70.88,1
240,95.0,61.0,0.0,71.42,1
241,93.0,60.0,0.0,71.96,1
242,86.0,60.0,0.0,71.42,5
243,77.0,60.0,0.0,71.42,1
244,81.0,56.0,0.0,71.42,1
249,90.0,67.0,0.0,71.42,1
251,79.0,65.0,0.0,71.06,1
252,74.0,61.0,0.0,70.88,1
253,77.0,61.0,0.02,70.7,1
143,82.0,50.0,0.0,57.92,1
145,74.0,55.0,0.0,58.28,2
146,66.0,52.0,0.0,58.1,3
148,75.0,53.0,0.0,58.82,2
149,71.0,50.0,0.0,58.64,12
150,65.0,46.0,0.0,58.64,10
151,66.0,47.0,0.0,59.0,10
152,64.0,50.0,0.1,59.36,28
153,68.0,48.0,0.0,59.36,64
154,80.0,49.0,0.0,59.72,107
155,73.0,53.0,0.0,59.54,176
156,68.0,46.0,0.0,59.54,246
157,72.0,46.0,0.0,60.08,361
158,76.0,48.0,0.0,60.26,432
159,67.0,56.0,0.0,60.26,737
160,71.0,51.0,0.42,60.26,1099
161,62.0,48.0,0.59,59.9,1000
162,55.0,44.0,0.6,60.26,1187
163,70.0,45.0,0.0,60.44,1497
164,80.0,47.0,0.0,60.62,2090
165,65.0,53.0,0.08,60.44,2762
166,64.0,54.0,0.0,60.8,3749
167,69.0,54.0,0.0,60.98,5546
168,67.0,53.0,0.12,61.88,4463
169,86.0,52.0,0.0,62.06,7132
170,77.0,55.0,0.0,62.78,8423
171,85.0,56.0,0.0,63.32,7672
172,95.0,60.0,0.0,63.86,10673
173,71.0,59.0,0.0,64.22,10850
174,72.0,58.0,0.0,64.4,10076
175,74.0,53.0,0.0,64.94,10427
176,90.0,54.0,0.0,64.94,13140
177,71.0,52.0,0.0,65.12,8207
178,75.0,52.0,0.0,64.94,8393
179,76.0,55.0,0.0,64.94,8661
180,70.0,55.0,0.0,65.66,7057
181,78.0,55.0,0.0,66.02,7099
182,76.0,61.0,0.0,66.2,5203
183,75.0,55.0,0.0,65.66,5868
184,69.0,52.0,0.0,65.84,3953
185,76.0,52.0,0.0,65.84,5435
186,82.0,55.0,0.0,66.56,4754
187,84.0,55.0,0.0,66.92,4323
188,80.0,62.0,0.0,67.46,4508
189,80.0,54.0,0.0,67.46,2982
190,85.0,54.0,0.0,67.1,2038
191,68.0,60.0,0.0,67.1,1806
192,77.0,55.0,0.0,67.64,927
193,90.0,55.0,0.0,68.18,1176
194,97.0,61.0,0.0,68.72,1153
195,90.0,61.0,0.0,68.72,798
196,87.0,60.0,0.0,69.44,686
197,95.0,62.0,0.0,69.26,530
198,94.0,64.0,0.0,69.8,453
199,89.0,62.0,0.0,69.8,486
200,82.0,58.0,0.0,69.26,363
201,70.0,55.0,0.0,68.72,399
202,77.0,56.0,0.0,68.72,284
203,79.0,55.0,0.0,69.44,363
204,93.0,55.0,0.0,70.34,421
205,93.0,58.0,0.0,70.88,314
206,93.0,58.0,0.0,71.42,244
207,92.0,67.0,0.0,71.24,177
208,93.0,63.0,0.0,71.24,142
209,88.0,62.0,0.0,71.42,98
210,87.0,61.0,0.0,71.96,83
211,92.0,61.0,0.0,72.32,54
212,87.0,65.0,0.0,72.5,58
213,86.0,60.0,0.0,72.68,43
214,82.0,60.0,0.0,72.14,49
215,70.0,60.0,0.0,71.42,37
216,73.0,58.0,0.0,71.42,19
217,80.0,58.0,0.0,71.96,27
218,88.0,60.0,0.0,72.14,21
219,87.0,49.0,0.0,73.04,19
220,90.0,63.0,0.0,73.58,14
221,89.0,63.0,0.0,73.58,29
222,91.0,68.0,0.0,73.4,14
223,89.0,63.0,0.0,72.68,6
224,75.0,62.0,0.03,72.32,2
225,77.0,58.0,0.0,71.96,5
226,89.0,59.0,0.0,71.78,5
227,92.0,59.0,0.0,72.5,5
228,85.0,59.0,0.0,72.14,6
229,85.0,59.0,0.0,71.42,5
230,79.0,57.0,0.0,71.24,4
231,81.0,56.0,0.0,71.42,5
232,84.0,58.0,0.0,71.78,3
234,89.0,61.0,0.0,72.14,2
235,89.0,59.0,0.0,71.6,6
236,69.0,59.0,0.0,70.34,2
237,69.0,55.0,0.0,69.8,2
238,67.0,55.0,0.01,69.08,2
240,76.0,55.0,0.0,69.44,5
241,86.0,54.0,0.0,69.98,1
242,83.0,53.0,0.0,69.44,1
246,77.0,53.0,0.0,60.44,1
248,83.0,49.0,0.0,67.28,1
249,87.0,54.0,0.0,67.82,2
148,66.0,52.0,0.0,57.38,2
150,71.0,52.0,0.0,58.1,10
151,75.0,49.0,0.0,58.82,14
152,77.0,56.0,0.0,59.0,13
153,78.0,54.0,0.0,59.54,15
154,78.0,42.0,0.0,59.72,17
155,71.0,39.0,0.0,60.08,40
156,74.0,49.0,0.0,60.44,52
157,66.0,52.0,0.0,60.44,104
158,65.0,42.0,0.32,60.26,139
159,57.0,49.0,0.42,60.26,185
160,67.0,45.0,0.0,60.8,269
161,81.0,46.0,0.0,61.52,295
162,84.0,52.0,0.0,62.24,404
163,90.0,52.0,0.0,62.6,540
164,95.0,67.0,0.0,62.96,738
165,84.0,56.0,0.0,62.96,674
166,70.0,55.0,0.0,62.78,1268
167,73.0,55.0,0.0,62.96,1307
168,78.0,55.0,0.0,63.5,1361
169,77.0,45.0,0.0,64.22,1969
170,72.0,47.0,0.0,64.04,2933
171,66.0,51.0,0.05,63.68,1987
172,64.0,52.0,0.09,63.5,2612
173,67.0,54.0,0.0,63.68,2782
174,66.0,54.0,0.0,63.86,3165
175,63.0,52.0,0.0,64.22,3037
176,68.0,47.0,0.0,64.4,3108
177,73.0,52.0,0.0,64.4,2850
178,68.0,51.0,0.79,64.04,2709
179,60.0,51.0,0.16,64.04,3512
180,71.0,42.0,0.0,64.58,3751
181,75.0,45.0,0.0,65.12,2836
182,77.0,51.0,0.0,65.48,1883
183,72.0,51.0,0.08,65.12,1654
184,59.0,51.0,0.0,64.94,1802
185,63.0,51.0,0.0,65.12,1562
186,73.0,51.0,0.0,65.48,1642
187,65.0,51.0,0.0,65.66,1611
188,65.0,51.0,0.0,65.66,923
189,65.0,46.0,0.0,66.2,1069
190,74.0,54.0,0.0,66.56,1031
191,74.0,56.0,0.09,66.74,768
192,69.0,55.0,0.21,67.1,508
193,74.0,54.0,0.0,67.82,415
194,77.0,54.0,0.0,68.0,427
195,74.0,58.0,0.0,68.18,374
196,78.0,57.0,0.0,68.54,367
197,75.0,62.0,0.0,68.72,306
198,80.0,63.0,0.05,68.72,247
199,72.0,60.0,0.25,68.54,289
200,73.0,54.0,0.0,68.54,191
201,76.0,50.0,0.0,68.72,158
202,86.0,50.0,0.0,69.08,190
203,85.0,62.0,0.0,69.44,129
204,83.0,61.0,0.0,69.62,116
205,74.0,58.0,0.0,69.62,92
206,80.0,53.0,0.0,70.16,84
207,89.0,53.0,0.0,70.52,63
208,89.0,58.0,0.0,70.16,58
209,76.0,57.0,0.0,70.34,52
210,82.0,56.0,0.0,70.7,36
211,81.0,59.0,0.0,70.52,38
212,75.0,59.0,0.0,70.16,29
213,84.0,60.0,0.0,70.7,26
214,87.0,60.0,0.0,70.7,23
215,77.0,61.0,0.0,71.24,19
216,86.0,59.0,0.0,71.6,19
217,89.0,58.0,0.0,71.96,21
218,87.0,62.0,0.0,72.14,19
219,81.0,62.0,0.0,72.14,13
220,71.0,61.0,0.0,71.96,10
221,69.0,61.0,0.0,71.6,7
222,75.0,58.0,0.28,71.42,7
223,61.0,57.0,0.02,71.06,3
224,73.0,55.0,0.0,71.06,10
225,82.0,55.0,0.0,71.6,9
226,88.0,56.0,0.0,72.14,10
227,83.0,63.0,0.0,71.78,3
228,79.0,61.0,0.0,71.6,1
229,74.0,58.0,0.01,70.88,3
230,70.0,58.0,0.0,70.52,6
231,76.0,60.0,0.0,70.52,2
234,71.0,56.0,0.37,70.52,3
237,80.0,60.0,0.0,70.7,1
238,77.0,53.0,0.0,70.52,1
239,86.0,52.0,0.0,70.34,2
240,92.0,62.0,0.0,70.7,5
241,95.0,61.0,0.0,71.06,3
242,79.0,64.0,0.11,71.24,5
243,79.0,57.0,0.0,71.6,1
244,83.0,58.0,0.0,71.78,1
245,81.0,61.0,0.0,71.96,1
254,70.0,58.0,0.05,70.52,1
256,80.0,52.0,0.25,70.34,-1
142,55.0,49.0,0.17,55.22,1
145,59.0,47.0,0.0,55.58,1
146,73.0,49.0,0.0,55.58,1
147,64.0,50.0,0.14,55.76,1
148,73.0,48.0,0.0,56.3,8
149,85.0,46.0,0.0,56.66,7
150,88.0,54.0,0.0,57.2,26
151,81.0,54.0,0.0,57.38,44
152,60.0,51.0,0.26,57.74,81
153,66.0,47.0,0.0,57.74,59
154,70.0,49.0,0.0,58.1,85
155,77.0,46.0,0.0,58.1,148
156,73.0,53.0,0.0,58.28,276
157,72.0,53.0,0.0,58.46,396
158,67.0,52.0,0.15,58.28,466
159,61.0,48.0,0.9,58.46,711
160,60.0,48.0,0.23,58.46,783
161,63.0,50.0,0.65,58.28,917
162,59.0,51.0,1.29,58.64,1568
163,77.0,58.0,0.02,59.18,1736
164,75.0,57.0,0.1,59.0,2643
165,61.0,53.0,0.03,58.64,2151
166,57.0,47.0,0.79,58.64,2223
167,67.0,48.0,0.53,59.0,4381
168,60.0,51.0,0.59,59.18,5950
169,65.0,50.0,0.05,59.36,6549
170,70.0,50.0,0.0,59.9,5572
171,77.0,50.0,0.0,60.62,5640
172,84.0,54.0,0.0,60.8,8000
173,67.0,59.0,0.24,60.8,11106
174,74.0,55.0,0.0,61.34,12686
175,80.0,55.0,0.0,61.88,13452
176,89.0,58.0,0.0,62.42,14383
177,76.0,59.0,0.0,62.78,15133
178,81.0,59.0,0.0,63.32,13994
179,85.0,61.0,0.0,63.86,14000
180,68.0,52.0,0.15,63.5,14293
181,65.0,52.0,0.02,63.32,17088
182,68.0,55.0,0.02,63.68,16901
183,66.0,55.0,0.0,63.32,14950
184,61.0,55.0,0.07,63.14,20490
185,70.0,50.0,0.02,63.14,21162
186,71.0,50.0,0.0,63.32,16486
187,73.0,55.0,0.0,63.32,12237
188,74.0,55.0,0.0,63.32,10372
189,68.0,55.0,0.0,63.14,12939
190,65.0,55.0,0.04,63.32,8222
191,73.0,55.0,0.0,63.68,4774
192,74.0,57.0,0.0,64.04,4737
193,79.0,53.0,0.0,64.58,3163
194,78.0,54.0,0.0,64.94,2534
195,75.0,54.0,0.0,64.94,2478
196,79.0,52.0,0.0,65.12,2363
197,83.0,52.0,0.0,65.84,1386
198,85.0,60.0,0.0,66.56,1597
199,83.0,62.0,0.0,66.92,1424
200,72.0,54.0,0.0,66.92,1418
201,83.0,54.0,0.0,67.28,1115
202,87.0,53.0,0.0,67.82,855
203,89.0,61.0,0.0,68.54,736
204,85.0,63.0,0.0,68.72,605
205,77.0,60.0,0.0,68.54,412
206,74.0,58.0,0.0,67.82,330
207,70.0,55.0,0.0,67.46,287
208,80.0,54.0,0.0,67.82,253
209,95.0,61.0,0.0,68.72,223
210,94.0,63.0,0.0,69.62,170
211,86.0,57.0,0.0,69.98,130
212,89.0,57.0,0.0,70.34,72
213,91.0,61.0,0.0,70.34,74
214,86.0,61.0,0.0,70.16,54
215,79.0,60.0,0.0,70.34,42
216,83.0,59.0,0.0,70.34,33
217,83.0,61.0,0.0,70.7,30
218,84.0,61.0,0.0,71.06,26
219,82.0,60.0,0.0,70.7,14
220,70.0,53.0,0.08,70.16,8
221,76.0,54.0,0.0,70.16,12
222,75.0,56.0,0.0,69.98,11
223,82.0,55.0,0.0,70.34,6
224,88.0,55.0,0.0,70.34,6
225,78.0,56.0,0.0,69.8,6
226,73.0,53.0,0.0,69.62,4
227,76.0,52.0,0.0,69.26,5
228,84.0,51.0,0.0,69.44,6
229,99.0,59.0,0.0,69.98,2
230,99.0,64.0,0.0,70.7,6
231,89.0,64.0,0.0,71.06,1
232,82.0,60.0,0.0,71.06,2
234,83.0,64.0,0.0,70.34,3
235,71.0,56.0,0.45,69.98,2
237,80.0,55.0,0.0,70.34,2
238,79.0,59.0,0.0,69.98,1
243,75.0,53.0,0.0,69.26,1
246,82.0,57.0,0.0,69.44,1
255,90.0,58.0,0.0,68.36,1
144,61.0,49.0,0.05,57.02,1
145,60.0,50.0,0.44,57.38,2
146,58.0,50.0,0.12,57.92,1
150,69.0,45.0,0.0,58.82,4
151,81.0,50.0,0.0,59.18,4
152,84.0,55.0,0.0,59.9,11
153,90.0,62.0,0.0,60.62,13
154,87.0,51.0,0.0,61.16,33
155,81.0,55.0,0.0,61.52,65
156,75.0,51.0,0.05,60.98,71
157,60.0,50.0,0.42,60.44,71
158,62.0,48.0,0.4,60.44,182
159,66.0,50.0,0.0,60.62,232
160,68.0,47.0,0.17,60.62,287
161,69.0,52.0,0.0,60.44,480
162,68.0,52.0,0.02,60.44,540
163,67.0,56.0,0.26,60.44,972
164,80.0,58.0,0.51,60.98,846
165,69.0,58.0,0.26,61.34,925
166,70.0,51.0,0.14,61.52,774
167,69.0,50.0,0.49,61.7,876
168,80.0,51.0,0.0,61.88,1348
169,81.0,55.0,0.0,62.42,2060
170,77.0,54.0,0.0,62.96,3053
171,90.0,59.0,0.0,63.86,4378
172,93.0,62.0,0.0,64.58,5860
173,93.0,59.0,0.0,65.12,7356
174,81.0,59.0,0.0,65.3,6954
175,82.0,59.0,0.0,66.02,7640
176,84.0,61.0,0.0,66.2,7999
177,89.0,65.0,0.0,67.1,10178
178,106.0,72.0,0.0,67.82,8780
179,109.0,69.0,0.0,68.72,8652
180,111.0,65.0,0.0,69.44,7233
181,90.0,65.0,0.0,69.44,7524
182,76.0,63.0,0.0,68.9,6168
183,70.0,63.0,0.0,68.72,5256
184,81.0,62.0,0.0,69.08,3614
185,83.0,60.0,0.0,69.62,5033
186,83.0,56.0,0.0,69.98,5188
187,83.0,58.0,0.0,70.16,4068
188,86.0,60.0,0.0,70.16,3474
189,72.0,57.0,0.0,69.98,2693
190,76.0,57.0,0.0,70.16,3727
191,85.0,59.0,0.0,70.34,2713
192,85.0,57.0,0.0,70.52,2251
193,83.0,60.0,0.0,70.7,1558
194,82.0,58.0,0.0,70.88,1753
195,81.0,56.0,0.0,70.7,1655
196,79.0,56.0,0.0,70.52,1247
197,77.0,57.0,0.0,70.16,1035
198,76.0,58.0,0.0,70.52,886
199,82.0,58.0,0.0,70.7,744
200,84.0,61.0,0.0,71.06,554
201,86.0,61.0,0.0,71.24,394
202,79.0,57.0,0.0,71.06,328
203,79.0,56.0,0.0,70.7,253
204,80.0,55.0,0.0,70.52,213
205,83.0,58.0,0.0,70.88,166
206,89.0,58.0,0.0,71.24,127
207,88.0,61.0,0.0,71.78,138
208,87.0,61.0,0.0,71.96,133
209,85.0,58.0,0.0,71.96,124
210,91.0,59.0,0.0,71.96,106
211,94.0,60.0,0.0,72.14,92
212,83.0,65.0,0.0,71.78,81
213,79.0,65.0,0.0,72.14,74
214,86.0,60.0,0.0,72.32,57
215,91.0,60.0,0.0,72.86,55
216,86.0,63.0,0.0,72.68,64
217,90.0,63.0,0.0,72.68,46
218,79.0,62.0,0.06,72.32,57
219,79.0,62.0,0.05,72.32,19
220,80.0,58.0,0.06,71.78,10
221,73.0,53.0,0.0,71.6,16
222,83.0,53.0,0.0,71.78,15
223,87.0,62.0,0.0,72.86,26
224,97.0,63.0,0.0,73.22,15
225,102.0,65.0,0.0,73.76,4
226,91.0,66.0,0.0,73.94,4
227,89.0,69.0,0.0,73.94,1
228,92.0,64.0,0.0,73.58,1
229,84.0,59.0,0.0,72.5,8
230,66.0,57.0,0.0,71.42,6
231,76.0,57.0,0.0,70.88,3
232,78.0,58.0,0.01,70.34,3
233,69.0,59.0,0.0,69.98,20
234,69.0,59.0,0.0,69.98,18
235,65.0,50.0,0.0,69.44,5
236,73.0,51.0,0.0,69.26,8
237,83.0,51.0,0.0,69.8,4
238,77.0,51.0,0.0,69.62,3
239,75.0,60.0,0.0,69.8,7
240,71.0,51.0,0.0,69.62,3
241,83.0,51.0,0.0,69.62,2
242,85.0,53.0,0.0,69.26,3
243,67.0,53.0,0.0,68.36,3
244,70.0,46.0,0.0,68.18,3
245,80.0,46.0,0.0,68.18,2
246,86.0,51.0,0.0,68.36,1
247,80.0,51.0,0.0,68.18,4
248,85.0,51.0,0.0,68.18,3
249,85.0,58.0,0.0,68.36,4
251,88.0,56.0,0.0,68.9,2
253,83.0,56.0,0.0,69.08,1
254,65.0,56.0,0.0,68.54,3
260,73.0,43.0,0.0,66.56,1
261,76.0,52.0,0.93,66.56,1
264,75.0,50.0,0.0,66.38,2
